-- phpMyAdmin SQL Dump
-- version 4.5.1
-- http://www.phpmyadmin.net
--
-- Host: 127.0.0.1
-- Generation Time: Jan 24, 2017 at 10:49 PM
-- Server version: 10.1.13-MariaDB
-- PHP Version: 5.6.23

SET SQL_MODE = "NO_AUTO_VALUE_ON_ZERO";
SET time_zone = "+00:00";

CREATE DATABASE hack_this;
USE hack_this;

/*!40101 SET @OLD_CHARACTER_SET_CLIENT=@@CHARACTER_SET_CLIENT */;
/*!40101 SET @OLD_CHARACTER_SET_RESULTS=@@CHARACTER_SET_RESULTS */;
/*!40101 SET @OLD_COLLATION_CONNECTION=@@COLLATION_CONNECTION */;
/*!40101 SET NAMES utf8mb4 */;

--
-- Database: `hack_this`
--

-- --------------------------------------------------------

--
-- Table structure for table `invoices`
--

CREATE TABLE `invoices` (
  `id` int(11) NOT NULL,
  `user` varchar(128) DEFAULT NULL,
  `amount_cents` int(11) DEFAULT NULL,
  `product` varchar(50) DEFAULT NULL
) ENGINE=MyISAM DEFAULT CHARSET=latin1;

--
-- Dumping data for table `invoices`
--

INSERT INTO `invoices` (`id`, `user`, `amount_cents`, `product`) VALUES
(1, 'Ralph Morales', 478, 'Voyatouch'),
(2, 'Matthew Watkins', 172, 'Lotlux'),
(3, 'Ronald Castillo', 391, 'Ronstring'),
(4, 'Aaron Ferguson', 789, 'Span'),
(5, 'Jeffrey Knight', 587, 'Fix San'),
(6, 'Linda Roberts', 192, 'Pannier'),
(7, 'Ernest Barnes', 689, 'Prodder'),
(8, 'Tina White', 800, 'Zontrax'),
(9, 'Adam Garrett', 572, 'Mat Lam Tam'),
(10, 'Dorothy Cruz', 267, 'Subin'),
(11, 'Jonathan Gilbert', 697, 'Otcom'),
(12, 'Shawn Cooper', 496, 'Namfix'),
(13, 'Amy Powell', 735, 'Toughjoyfax'),
(14, 'Jennifer Morris', 269, 'Zathin'),
(15, 'Catherine Castillo', 747, 'Sonair'),
(16, 'Margaret Harvey', 716, 'Greenlam'),
(17, 'Patricia Rogers', 940, 'Opela'),
(18, 'Philip Richardson', 851, 'Zathin'),
(19, 'Tammy Matthews', 292, 'Lotstring'),
(20, 'Denise Henry', 454, 'Tin'),
(21, 'Susan George', 924, 'Keylex'),
(22, 'Debra Anderson', 668, 'Transcof'),
(23, 'Mary Ross', 882, 'Aerified'),
(24, 'Maria Reed', 848, 'Zathin'),
(25, 'Shawn Hicks', 428, 'Stringtough'),
(26, 'Arthur Stewart', 924, 'Alphazap'),
(27, 'Edward Boyd', 503, 'Tresom'),
(28, 'Gary Kim', 436, 'Rank'),
(29, 'Lawrence Hughes', 255, 'Andalax'),
(30, 'Bonnie Howell', 903, 'Holdlamis'),
(31, 'Karen Greene', 607, 'Konklux'),
(32, 'Diana Jenkins', 137, 'Greenlam'),
(33, 'Sara Hamilton', 683, 'Trippledex'),
(34, 'Todd Burton', 302, 'Fix San'),
(35, 'Rachel Griffin', 804, 'Sonair'),
(36, 'Melissa Welch', 894, 'Solarbreeze'),
(37, 'Russell Austin', 543, 'Sonsing'),
(38, 'Clarence Johnston', 203, 'Stronghold'),
(39, 'Judith Lane', 896, 'Prodder'),
(40, 'Lisa Burke', 334, 'Hatity'),
(41, 'Douglas Jenkins', 720, 'Vagram'),
(42, 'Anne Bishop', 385, 'It'),
(43, 'Jeffrey Banks', 602, 'Tresom'),
(44, 'Joshua Pierce', 654, 'Hatity'),
(45, 'Beverly Reyes', 547, 'Zoolab'),
(46, 'Anthony Bowman', 477, 'Sonair'),
(47, 'Lillian Powell', 791, 'Otcom'),
(48, 'Phyllis Clark', 665, 'Bamity'),
(49, 'Clarence Day', 878, 'Veribet'),
(50, 'Carol Freeman', 448, 'Cookley'),
(51, 'Kenneth Reed', 125, 'Fixflex'),
(52, 'Lori Allen', 107, 'Rank'),
(53, 'Nicholas Castillo', 127, 'Bamity'),
(54, 'Kevin Hart', 705, 'Voltsillam'),
(55, 'Kathryn Carpenter', 619, 'Y-find'),
(56, 'James Austin', 811, 'Rank'),
(57, 'Louis Dixon', 901, 'Kanlam'),
(58, 'Nancy Banks', 506, 'Latlux'),
(59, 'Tammy Woods', 858, 'Solarbreeze'),
(60, 'Andrew Diaz', 612, 'Ventosanzap'),
(61, 'Linda Bailey', 493, 'Voltsillam'),
(62, 'Anne Frazier', 101, 'Konklab'),
(63, 'Adam Smith', 234, 'Holdlamis'),
(64, 'Jennifer Larson', 780, 'Otcom'),
(65, 'Jacqueline Stewart', 419, 'Asoka'),
(66, 'Eric Hamilton', 403, 'Cookley'),
(67, 'Barbara Watkins', 713, 'Mat Lam Tam'),
(68, 'Julie Ryan', 475, 'Fix San'),
(69, 'Jimmy Mason', 292, 'Zaam-Dox'),
(70, 'Brian Rodriguez', 671, 'Bigtax'),
(71, 'Shawn Larson', 180, 'Rank'),
(72, 'Paul Gonzalez', 163, 'Matsoft'),
(73, 'Keith Wallace', 260, 'Rank'),
(74, 'Douglas Edwards', 430, 'Zoolab'),
(75, 'Richard Lynch', 799, 'Vagram'),
(76, 'Kevin Martinez', 724, 'Stim'),
(77, 'Cynthia Warren', 620, 'Sonair'),
(78, 'Pamela Walker', 848, 'Namfix'),
(79, 'Thomas Welch', 137, 'Zamit'),
(80, 'Victor Weaver', 536, 'Stronghold'),
(81, 'Ruby Mcdonald', 692, 'Y-Solowarm'),
(82, 'Donald Harper', 933, 'Opela'),
(83, 'Earl Montgomery', 147, 'Bytecard'),
(84, 'Craig Sanders', 240, 'Bigtax'),
(85, 'Joyce Robinson', 376, 'Tempsoft'),
(86, 'Rose Fernandez', 986, 'Bigtax'),
(87, 'Jeremy Wheeler', 328, 'Fixflex'),
(88, 'Rachel Dixon', 238, 'Zoolab'),
(89, 'Irene Black', 119, 'Solarbreeze'),
(90, 'Phyllis White', 580, 'Regrant'),
(91, 'Victor Frazier', 610, 'Quo Lux'),
(92, 'Elizabeth Woods', 896, 'Span'),
(93, 'Henry Rose', 943, 'Fintone'),
(94, 'Philip Reyes', 351, 'Temp'),
(95, 'Michael Ortiz', 705, 'Fintone'),
(96, 'Bobby Peterson', 716, 'Bytecard'),
(97, 'Sandra Kim', 947, 'Prodder'),
(98, 'James Weaver', 657, 'Mat Lam Tam'),
(99, 'Anna Fuller', 330, 'It'),
(100, 'Kenneth Ruiz', 741, 'Opela'),
(101, 'Lawrence Bailey', 593, 'Ronstring'),
(102, 'Lisa Lee', 164, 'Rank'),
(103, 'Maria Pierce', 983, 'Treeflex'),
(104, 'Charles Morrison', 984, 'Opela'),
(105, 'Anna Banks', 736, 'Cardify'),
(106, 'Donna Ortiz', 866, 'Lotlux'),
(107, 'Adam Moreno', 862, 'Tres-Zap'),
(108, 'Sharon West', 574, 'Regrant'),
(109, 'Janice Alexander', 745, 'Bytecard'),
(110, 'Paul Hansen', 179, 'Zontrax'),
(111, 'Kimberly Parker', 100, 'Opela'),
(112, 'Maria Wallace', 153, 'Cardguard'),
(113, 'Beverly Fernandez', 658, 'Gembucket'),
(114, 'Paul Diaz', 658, 'Span'),
(115, 'Melissa Gonzalez', 940, 'Holdlamis'),
(116, 'Eugene Alexander', 134, 'Toughjoyfax'),
(117, 'Harry Wheeler', 967, 'Fintone'),
(118, 'Thomas Griffin', 116, 'Subin'),
(119, 'Lois Shaw', 995, 'Hatity'),
(120, 'Gloria Montgomery', 907, 'Zontrax'),
(121, 'Linda Lawrence', 410, 'Holdlamis'),
(122, 'Douglas Woods', 736, 'Zontrax'),
(123, 'Brian Garcia', 302, 'Overhold'),
(124, 'Patrick Black', 329, 'Zoolab'),
(125, 'Stephen Shaw', 190, 'Cardguard'),
(126, 'Joe Fuller', 703, 'Stringtough'),
(127, 'Pamela Ryan', 447, 'Bitwolf'),
(128, 'Keith Adams', 933, 'Fixflex'),
(129, 'Joseph Wheeler', 838, 'Tin'),
(130, 'Michelle Gonzales', 689, 'Flexidy'),
(131, 'Susan Torres', 416, 'Lotstring'),
(132, 'Daniel Dixon', 173, 'Veribet'),
(133, 'Marie Simmons', 382, 'Tampflex'),
(134, 'Jimmy Jenkins', 280, 'Toughjoyfax'),
(135, 'Roger Bradley', 180, 'Vagram'),
(136, 'Scott Fields', 777, 'Redhold'),
(137, 'Catherine Foster', 519, 'Stim'),
(138, 'Lawrence Fox', 275, 'Stim'),
(139, 'Theresa Thompson', 472, 'Mat Lam Tam'),
(140, 'Ernest Fox', 312, 'Matsoft'),
(141, 'Janet Sanders', 604, 'Voltsillam'),
(142, 'Nancy Black', 991, 'Ronstring'),
(143, 'Anna West', 916, 'Span'),
(144, 'Walter Jenkins', 434, 'Ventosanzap'),
(145, 'Frank Richardson', 937, 'Lotlux'),
(146, 'Lawrence Adams', 878, 'Ronstring'),
(147, 'Roy Miller', 210, 'Trippledex'),
(148, 'William Crawford', 214, 'Voyatouch'),
(149, 'Linda Gilbert', 738, 'Bitwolf'),
(150, 'Gloria Gonzalez', 920, 'Cardguard'),
(151, 'Kathy Andrews', 527, 'Flexidy'),
(152, 'Joe Robertson', 665, 'Veribet'),
(153, 'Jeremy Lopez', 342, 'Redhold'),
(154, 'Evelyn Ortiz', 797, 'Rank'),
(155, 'Anthony Reynolds', 826, 'Temp'),
(156, 'Michelle Gutierrez', 832, 'Voltsillam'),
(157, 'Christina Harvey', 232, 'Solarbreeze'),
(158, 'Jack Frazier', 772, 'Tin'),
(159, 'Joe Campbell', 157, 'Zaam-Dox'),
(160, 'Joan Franklin', 311, 'Lotlux'),
(161, 'Diane Payne', 910, 'Treeflex'),
(162, 'Janice Butler', 666, 'Stronghold'),
(163, 'Gerald Marshall', 586, 'Alpha'),
(164, 'Keith Elliott', 861, 'Konklux'),
(165, 'Bruce Wells', 555, 'Daltfresh'),
(166, 'Ralph Reynolds', 323, 'Y-find'),
(167, 'Marie Ford', 527, 'Hatity'),
(168, 'Carlos Scott', 485, 'Flowdesk'),
(169, 'Mark Perkins', 341, 'Bitchip'),
(170, 'Donald Gonzalez', 385, 'Gembucket'),
(171, 'Gerald Scott', 656, 'Latlux'),
(172, 'Dennis Perkins', 317, 'Viva'),
(173, 'Charles Stewart', 137, 'Solarbreeze'),
(174, 'Lois Diaz', 371, 'Alpha'),
(175, 'Virginia Coleman', 112, 'Matsoft'),
(176, 'Harry Henry', 135, 'Tresom'),
(177, 'Elizabeth Freeman', 607, 'Bitwolf'),
(178, 'Rose Green', 837, 'Namfix'),
(179, 'Juan Taylor', 513, 'Zoolab'),
(180, 'Rose Murphy', 715, 'Viva'),
(181, 'Jonathan Wood', 315, 'Holdlamis'),
(182, 'Dorothy Robinson', 832, 'Stim'),
(183, 'Kenneth Carroll', 590, 'Fintone'),
(184, 'Ann Mccoy', 444, 'Bigtax'),
(185, 'Kimberly Freeman', 106, 'Pannier'),
(186, 'Michelle White', 178, 'Zoolab'),
(187, 'Juan Ferguson', 957, 'Trippledex'),
(188, 'Martha Gilbert', 213, 'Cookley'),
(189, 'Randy Reyes', 396, 'Alphazap'),
(190, 'Diana Medina', 211, 'Y-Solowarm'),
(191, 'Shawn Elliott', 930, 'Subin'),
(192, 'Joseph Stanley', 757, 'Biodex'),
(193, 'Louise Robertson', 669, 'Voyatouch'),
(194, 'Nicholas Ray', 355, 'Asoka'),
(195, 'Teresa Porter', 432, 'Alpha'),
(196, 'Phillip Barnes', 154, 'Alphazap'),
(197, 'Diane Wilson', 627, 'Asoka'),
(198, 'Paul Greene', 224, 'Mat Lam Tam'),
(199, 'Adam Morris', 517, 'Asoka'),
(200, 'Maria Kennedy', 250, 'Tin'),
(201, 'Eric Pierce', 343, 'Cardify'),
(202, 'Judith Morales', 989, 'Namfix'),
(203, 'Earl Boyd', 900, 'Span'),
(204, 'David Knight', 124, 'Voyatouch'),
(205, 'Walter Powell', 689, 'Treeflex'),
(206, 'Gloria Perkins', 204, 'Domainer'),
(207, 'Justin Taylor', 423, 'Veribet'),
(208, 'Teresa Brooks', 722, 'Greenlam'),
(209, 'Willie James', 816, 'Prodder'),
(210, 'Jane Young', 137, 'Holdlamis'),
(211, 'Gary Stanley', 935, 'Otcom'),
(212, 'Juan Moore', 973, 'Bitwolf'),
(213, 'Benjamin Stephens', 955, 'Flexidy'),
(214, 'Joshua Sullivan', 186, 'Solarbreeze'),
(215, 'Edward Daniels', 421, 'Vagram'),
(216, 'Steven Ford', 649, 'Ronstring'),
(217, 'Jennifer Morgan', 851, 'Veribet'),
(218, 'Matthew Myers', 236, 'Kanlam'),
(219, 'Evelyn Oliver', 289, 'Tresom'),
(220, 'Chris Stanley', 118, 'Trippledex'),
(221, 'Carl Armstrong', 918, 'Flowdesk'),
(222, 'Arthur Hughes', 301, 'Namfix'),
(223, 'John Cruz', 220, 'Subin'),
(224, 'Shirley Welch', 287, 'Pannier'),
(225, 'Jonathan Hunter', 685, 'Bytecard'),
(226, 'Brandon Garcia', 664, 'Stronghold'),
(227, 'Michael Austin', 204, 'Bamity'),
(228, 'Annie Romero', 386, 'Veribet'),
(229, 'Jose Cole', 585, 'Y-find'),
(230, 'Alan Murray', 103, 'Cookley'),
(231, 'Sandra Stone', 534, 'Job'),
(232, 'Jerry Coleman', 706, 'Subin'),
(233, 'Carlos Harper', 542, 'Aerified'),
(234, 'Carl Cruz', 222, 'Voyatouch'),
(235, 'Kathy Dunn', 794, 'Stringtough'),
(236, 'Beverly Carr', 764, 'Cardify'),
(237, 'Stephanie Austin', 998, 'Overhold'),
(238, 'Jose Perry', 154, 'Cardguard'),
(239, 'Laura Alvarez', 218, 'Fixflex'),
(240, 'Theresa Mason', 409, 'Pannier'),
(241, 'Cynthia Moreno', 163, 'Fintone'),
(242, 'Kathy Garcia', 684, 'Temp'),
(243, 'Craig Owens', 520, 'Stim'),
(244, 'Teresa Hayes', 989, 'Zathin'),
(245, 'Marie Harper', 685, 'Treeflex'),
(246, 'Willie Ford', 943, 'Zoolab'),
(247, 'Jessica Allen', 882, 'Biodex'),
(248, 'Keith Morrison', 650, 'Bitwolf'),
(249, 'Annie Jacobs', 418, 'Zamit'),
(250, 'Debra Bennett', 708, 'Fixflex');

-- --------------------------------------------------------

--
-- Table structure for table `messages`
--

CREATE TABLE `messages` (
  `id` int(11) NOT NULL,
  `user_id` int(11) DEFAULT NULL,
  `subject` varchar(255) DEFAULT NULL,
  `message` text
) ENGINE=MyISAM DEFAULT CHARSET=latin1;

-- --------------------------------------------------------

--
-- Table structure for table `payment_details`
--

CREATE TABLE `payment_details` (
  `id` int(11) NOT NULL,
  `user_id` int(11) DEFAULT NULL,
  `card_number` varchar(16) DEFAULT NULL,
  `ccv` int(11) DEFAULT NULL,
  `name` varchar(255) DEFAULT NULL,
  `expire_month` int(11) DEFAULT NULL,
  `expire_year` int(11) DEFAULT NULL
) ENGINE=MyISAM DEFAULT CHARSET=latin1;

--
-- Dumping data for table `payment_details`
--

INSERT INTO `payment_details` (`id`, `user_id`, `card_number`, `ccv`, `name`, `expire_month`, `expire_year`) VALUES
(1, 346, '3582866100886781', 177, 'Janice Wood', 10, 2044),
(2, 82, '3555282113486267', 357, 'Jesse Bennett', 12, 2044),
(3, 237, '5569952513978241', 927, 'Antonio Greene', 11, 2026),
(4, 375, '6759630668317443', 675, 'Anne Ray', 4, 2037),
(5, 270, '3556475736071057', 650, 'Ruby Ward', 12, 2025),
(6, 373, '5893953055534431', 525, 'Christina Owens', 10, 2046),
(7, 10, '3784059688757626', 267, 'Jennifer Wells', 5, 2038),
(8, 397, '4405013001323670', 772, 'Peter Jones', 3, 2038),
(9, 477, '3553906041591366', 463, 'John Weaver', 8, 2044),
(10, 321, '5100172164078706', 963, 'Ann Weaver', 9, 2039),
(11, 197, '2019260701807750', 523, 'Christina Lopez', 8, 2028),
(12, 189, '3573309839492879', 268, 'Dennis Moore', 12, 2028),
(13, 16, '3583527099554231', 423, 'Jeffrey Cunningham', 9, 2020),
(14, 380, '5602228586184491', 593, 'Deborah Moore', 4, 2028),
(15, 433, '3559695838014047', 245, 'Ruby Gibson', 6, 2023),
(16, 241, '6762583510907954', 921, 'Daniel Allen', 8, 2020),
(17, 41, '6393370487276114', 190, 'Anna Carr', 1, 2036),
(18, 185, '3540859431891647', 632, 'Howard Reyes', 10, 2026),
(19, 346, '3586618965072650', 599, 'Sarah Owens', 8, 2020),
(20, 475, '3585156415510731', 231, 'Lisa Watson', 7, 2042),
(21, 279, '5602232273484797', 637, 'Jack Stewart', 8, 2043),
(22, 134, '2013806761818746', 959, 'Paula Mason', 5, 2028),
(23, 189, '4917415490929167', 963, 'Nicole Webb', 5, 2023),
(24, 336, '6709632304616296', 490, 'Kevin Sims', 8, 2022),
(25, 45, '5108756225415063', 883, 'Juan Martin', 2, 2039),
(26, 163, '3746122480116853', 383, 'Brenda Rose', 12, 2048),
(27, 105, '3585905960382742', 620, 'Debra Wright', 4, 2047),
(28, 429, '5018134162801695', 693, 'Kimberly Austin', 8, 2018),
(29, 17, '5583112832312968', 266, 'Elizabeth Schmidt', 7, 2030),
(30, 350, '3537595758409531', 274, 'Denise Simpson', 7, 2027),
(31, 202, '3544185719129195', 945, 'Joyce Daniels', 7, 2028),
(32, 102, '5316386776408206', 903, 'Patrick Bell', 10, 2026),
(33, 141, '3531923689730393', 427, 'Ann Richardson', 9, 2028),
(34, 431, '3539672550186449', 736, 'Bonnie Palmer', 9, 2034),
(35, 232, '5893631714413379', 647, 'George Bennett', 5, 2040),
(36, 246, '3566317720651627', 518, 'Mildred Fisher', 10, 2018),
(37, 139, '6767624168987359', 347, 'Tina Kennedy', 4, 2038),
(38, 345, '6334853621722393', 890, 'Lillian Day', 10, 2038),
(39, 144, '5602241096053533', 200, 'Debra Wheeler', 1, 2034),
(40, 47, '3557719628752350', 898, 'Judith Chavez', 4, 2029),
(41, 256, '3568576282067807', 578, 'Carol Russell', 8, 2041),
(42, 455, '4405255628258504', 505, 'Gregory Garrett', 12, 2028),
(43, 228, '6763322876224408', 737, 'Andrew Stanley', 1, 2050),
(44, 186, '3633108452489508', 806, 'Jacqueline Dean', 6, 2036),
(45, 339, '3539437092861754', 805, 'Steve Rivera', 5, 2033),
(46, 268, '6771056968346611', 941, 'Eric Hunter', 10, 2027),
(47, 313, '3559966710738619', 512, 'Gloria Mason', 5, 2037),
(48, 458, '5201552594444941', 260, 'Evelyn Morales', 11, 2037),
(49, 209, '4905427925705126', 590, 'Bobby Hanson', 10, 2028),
(50, 200, '6372920654934344', 919, 'Betty Smith', 5, 2020),
(51, 407, '3541348299372204', 434, 'Billy Russell', 8, 2047),
(52, 399, '5602247050109634', 983, 'Michelle Fox', 11, 2047),
(53, 196, '3573487218873339', 118, 'Jeremy Rice', 12, 2039),
(54, 178, '2018345279989363', 896, 'Cheryl Bradley', 3, 2018),
(55, 156, '6709879211825536', 625, 'Ernest Andrews', 11, 2024),
(56, 79, '5425812674544147', 170, 'Marilyn Dean', 2, 2019),
(57, 118, '3746224404644949', 715, 'Joseph Walker', 12, 2041),
(58, 81, '3554580274425144', 710, 'Roger Jones', 5, 2021),
(59, 317, '3533704156058395', 352, 'Theresa Powell', 6, 2031),
(60, 177, '5641822656574093', 181, 'Sandra Palmer', 12, 2043),
(61, 93, '5610552757431368', 120, 'Gary Wright', 9, 2045),
(62, 29, '5268329348658245', 637, 'Virginia Ward', 9, 2046),
(63, 456, '4917836214040728', 511, 'Jonathan Greene', 4, 2022),
(64, 188, '3574795804156482', 712, 'Norma Powell', 10, 2049),
(65, 21, '3529217213761816', 599, 'Gerald Weaver', 11, 2031),
(66, 291, '6771690686502919', 191, 'Amanda Williamson', 2, 2018),
(67, 72, '6372954650744050', 897, 'Michael Gordon', 12, 2040),
(68, 257, '6304500741438061', 606, 'Nicholas Nguyen', 2, 2042),
(69, 276, '6759416375788463', 166, 'Diana Ross', 10, 2048),
(70, 16, '5010129870462607', 469, 'Judith Austin', 10, 2049),
(71, 308, '5100174543531363', 405, 'Jeffrey Gardner', 6, 2034),
(72, 441, '3560603536369751', 203, 'Clarence Wood', 2, 2031),
(73, 351, '3544509768355692', 830, 'Gloria Nichols', 5, 2036),
(74, 411, '3583477990706656', 303, 'Louis Ward', 9, 2043),
(75, 430, '3004114201576292', 106, 'Justin Wilson', 12, 2023),
(76, 43, '3587237138404358', 179, 'Jerry Ramirez', 2, 2018),
(77, 9, '3567855308702378', 709, 'Eric Oliver', 2, 2023),
(78, 352, '5579111089749662', 868, 'Ryan Pierce', 6, 2042),
(79, 114, '6396874644735851', 359, 'Jonathan Foster', 7, 2036),
(80, 181, '3730495547860062', 496, 'Pamela Lee', 9, 2049),
(81, 97, '4175000950819582', 215, 'Rose Morrison', 2, 2018),
(82, 459, '3548437281696895', 140, 'Kathryn Richardson', 11, 2034),
(83, 251, '3533901573569356', 576, 'Ruth Warren', 3, 2022),
(84, 25, '3574734233603418', 326, 'Beverly Johnson', 8, 2042),
(85, 10, '3742882122746910', 425, 'Doris Flores', 1, 2023),
(86, 358, '3019373958458313', 300, 'Philip Lee', 3, 2028),
(87, 387, '3441505479796016', 649, 'Susan Perry', 4, 2040),
(88, 23, '4017952897011271', 364, 'Craig Walker', 12, 2040),
(89, 32, '5602243286924072', 676, 'Amanda Holmes', 1, 2029),
(90, 498, '5610922730742778', 101, 'Rose Green', 5, 2024),
(91, 211, '5388048213381775', 223, 'Louis Edwards', 2, 2028),
(92, 219, '3555237708109120', 858, 'Louise Harvey', 2, 2032),
(93, 255, '3573808065918705', 982, 'Lori Martin', 2, 2019),
(94, 341, '3581261640915608', 502, 'Diana Harrison', 5, 2046),
(95, 406, '3547920990496682', 783, 'Heather Harper', 10, 2046),
(96, 196, '3557414082826243', 803, 'Janice Morales', 8, 2028),
(97, 80, '6304617285278756', 488, 'Victor Fowler', 5, 2044),
(98, 122, '5610673002902109', 814, 'Kathryn Lewis', 12, 2022),
(99, 190, '5602229996926411', 120, 'Roy Peterson', 6, 2038),
(100, 413, '3533736089896491', 475, 'Howard Garrett', 1, 2022),
(101, 29, '3540702054596111', 671, 'Cynthia Castillo', 9, 2021),
(102, 123, '3530832635470866', 873, 'Robert Morrison', 6, 2023),
(103, 359, '5002352816990362', 692, 'Amy Kim', 11, 2030),
(104, 199, '3746221687134996', 765, 'Jimmy Cooper', 1, 2024),
(105, 107, '3528780593039914', 270, 'Sara Greene', 1, 2033),
(106, 457, '5602220922399751', 155, 'Theresa Nichols', 3, 2050),
(107, 455, '4936254858214179', 844, 'Walter Myers', 5, 2025),
(108, 95, '6762262718613542', 222, 'Kathryn Larson', 12, 2049),
(109, 257, '3576717855255243', 607, 'Andrea Hawkins', 11, 2045),
(110, 190, '6771318931774481', 377, 'Todd Griffin', 11, 2048),
(111, 395, '6763366721213953', 436, 'Tina Peters', 1, 2037),
(112, 254, '3541886686266075', 917, 'Helen Sims', 1, 2032),
(113, 452, '3585154690671153', 575, 'George Robertson', 12, 2050),
(114, 108, '3530963751279615', 319, 'Sandra Stevens', 3, 2021),
(115, 495, '3588757435559793', 829, 'Antonio Murray', 5, 2046),
(116, 299, '5610335315280892', 443, 'Gregory Bell', 9, 2023),
(117, 45, '6304760387270973', 605, 'Martha Romero', 2, 2033),
(118, 318, '3039334927062817', 734, 'Fred Lynch', 2, 2030),
(119, 439, '3536020543071661', 257, 'Phyllis Williams', 5, 2021),
(120, 402, '2014419432130101', 243, 'William Walker', 1, 2020),
(121, 45, '2015989415930697', 857, 'Ann Wright', 9, 2047),
(122, 435, '5602219319130045', 926, 'Diana Warren', 6, 2037),
(123, 494, '3555141473595796', 711, 'Victor Graham', 8, 2040),
(124, 116, '3533612216371296', 176, 'Brenda Walker', 12, 2024),
(125, 237, '3551563733912186', 824, 'Marie Bryant', 2, 2022),
(126, 484, '5382494786034548', 453, 'Aaron Martin', 7, 2025),
(127, 51, '3535567741850339', 440, 'Carlos Peters', 3, 2028),
(128, 69, '3587236978328057', 230, 'Jennifer Jordan', 9, 2040),
(129, 110, '4905264396011701', 156, 'Rebecca Carroll', 3, 2039),
(130, 216, '5104288052716359', 885, 'Ruth Moreno', 5, 2038),
(131, 242, '2014953612197465', 730, 'Patrick Castillo', 11, 2035),
(132, 25, '3610731289420310', 387, 'Wayne Dixon', 1, 2032),
(133, 284, '3551887466147854', 486, 'Beverly Brown', 4, 2032),
(134, 339, '3555181850578064', 718, 'Ryan Alvarez', 12, 2031),
(135, 12, '3575877555919778', 272, 'Lawrence Alexander', 3, 2026),
(136, 431, '2019320583730770', 187, 'Frank Hughes', 10, 2040),
(137, 423, '4913088208381288', 761, 'Justin Watkins', 11, 2043),
(138, 311, '3581541382905770', 822, 'Kathy Bryant', 10, 2033),
(139, 56, '5018894947225043', 585, 'Roy Morales', 12, 2047),
(140, 46, '3584963039021248', 775, 'Amanda Gray', 4, 2036),
(141, 4, '4917938732366468', 601, 'Matthew Franklin', 5, 2040),
(142, 79, '3569673010333111', 375, 'Jesse Hayes', 12, 2022),
(143, 223, '3570306504441374', 436, 'Jessica Frazier', 3, 2048),
(144, 497, '4508361502903185', 436, 'Susan Jackson', 11, 2050),
(145, 397, '6372540952008789', 142, 'Ryan Tucker', 6, 2042),
(146, 321, '3537803787121683', 725, 'Henry Mason', 8, 2042),
(147, 242, '3536835397092707', 814, 'Virginia Williams', 6, 2036),
(148, 137, '3582534326121892', 789, 'Gerald Anderson', 6, 2018),
(149, 382, '5602243739651953', 722, 'Ruth Rivera', 2, 2033),
(150, 489, '5610668194559154', 410, 'Gregory Marshall', 4, 2024),
(151, 129, '6304381713723966', 321, 'George Harper', 9, 2033),
(152, 94, '5602222131874381', 211, 'Steven Cooper', 3, 2019),
(153, 195, '3583716991836768', 265, 'Norma Stanley', 11, 2033),
(154, 112, '6333491372976213', 621, 'Nancy Jordan', 5, 2047),
(155, 467, '3742830293261988', 789, 'Nancy Moreno', 1, 2047),
(156, 394, '3540133854105186', 898, 'Joan Bailey', 5, 2043),
(157, 58, '3549039235572260', 692, 'Diane Grant', 3, 2033),
(158, 53, '3550859867588482', 392, 'Bruce Rivera', 6, 2023),
(159, 299, '3589735524429143', 633, 'Anne Franklin', 2, 2038),
(160, 147, '2017034709342996', 688, 'Kimberly Palmer', 2, 2039),
(161, 318, '5442227254591161', 327, 'Johnny Johnson', 8, 2050),
(162, 109, '5610911442646880', 765, 'Lillian Clark', 10, 2045),
(163, 105, '6375972104386580', 119, 'Ruby Hall', 1, 2045),
(164, 227, '3585741867742567', 608, 'Maria Jordan', 10, 2027),
(165, 151, '3557519788841336', 784, 'Virginia Henry', 1, 2018),
(166, 84, '6334904663090850', 901, 'James Ramirez', 5, 2026),
(167, 306, '5492709385118567', 274, 'Joyce Nguyen', 10, 2041),
(168, 186, '3576732984445722', 129, 'Phyllis Baker', 3, 2031),
(169, 26, '3576784796740469', 595, 'Denise Hicks', 4, 2038),
(170, 30, '5100148686870945', 744, 'Fred James', 3, 2042),
(171, 161, '3003304371898813', 498, 'Matthew Henry', 10, 2049),
(172, 4, '6380446921424257', 191, 'Beverly Lopez', 11, 2042),
(173, 91, '5108750294073929', 136, 'Lois Nguyen', 4, 2026),
(174, 286, '5104399131706871', 161, 'Catherine Richardson', 7, 2025),
(175, 472, '6370423197798625', 332, 'Nicole Spencer', 9, 2025),
(176, 218, '4017951982835910', 251, 'Joshua Henry', 2, 2018),
(177, 63, '4041378462962252', 679, 'Chris Baker', 4, 2041),
(178, 371, '3576319395185137', 983, 'Lori Fowler', 4, 2029),
(179, 481, '3551262380342553', 832, 'Betty Cruz', 3, 2050),
(180, 446, '6767037642515896', 420, 'Tammy Jordan', 11, 2050),
(181, 364, '3548786534806416', 407, 'Chris Armstrong', 6, 2031),
(182, 241, '3537880851970278', 330, 'Lisa Ramirez', 6, 2037),
(183, 23, '5100177514743594', 872, 'James Kim', 9, 2042),
(184, 451, '3536645691433287', 418, 'Timothy Adams', 3, 2024),
(185, 185, '2018221592482230', 199, 'Tammy Phillips', 1, 2046),
(186, 467, '3562274549521107', 794, 'Steve Gardner', 10, 2019),
(187, 209, '5100145315383084', 940, 'Evelyn Johnston', 3, 2037),
(188, 66, '3534517479533038', 869, 'Janet Lynch', 12, 2040),
(189, 219, '3535237642873174', 734, 'Cheryl Medina', 10, 2036),
(190, 363, '5602210059363032', 280, 'Phillip Ramirez', 4, 2029),
(191, 450, '3575078013296947', 743, 'Louise Williamson', 12, 2022),
(192, 343, '4913535149472295', 229, 'Arthur Cox', 11, 2028),
(193, 102, '4844722916001929', 246, 'Steve Bradley', 6, 2024),
(194, 324, '3589780660861444', 813, 'Rachel Cox', 11, 2024),
(195, 472, '3550105441250185', 985, 'Aaron Lee', 5, 2033),
(196, 350, '6759992203817963', 457, 'Anthony Nichols', 6, 2046),
(197, 353, '6304008818248516', 834, 'Theresa Wright', 1, 2023),
(198, 487, '3588463068820715', 337, 'Deborah Fowler', 2, 2018),
(199, 159, '3538192890236284', 188, 'Billy Reyes', 9, 2025),
(200, 426, '2015396128393953', 672, 'Benjamin Hernandez', 6, 2027),
(201, 337, '3580202846459422', 388, 'Victor Mitchell', 3, 2036),
(202, 273, '3560811860656541', 260, 'Annie Carr', 12, 2020),
(203, 3, '5559135206995860', 598, 'Ruby Rivera', 7, 2034),
(204, 338, '5100136267669588', 490, 'Cheryl Reynolds', 10, 2035),
(205, 416, '3531620547580198', 517, 'Elizabeth Wagner', 9, 2027),
(206, 350, '0604459654761908', 122, 'George Gordon', 9, 2047),
(207, 31, '5514704933825999', 869, 'Virginia Wood', 10, 2025),
(208, 381, '5602253279442608', 185, 'Aaron Woods', 6, 2029),
(209, 110, '3543990312472947', 233, 'Alan Fox', 10, 2023),
(210, 439, '6374628911897653', 580, 'Timothy Moreno', 5, 2020),
(211, 451, '6331107192058089', 258, 'Andrea Cox', 4, 2018),
(212, 55, '6771274759649176', 126, 'Joan Carroll', 12, 2032),
(213, 436, '3531974418731681', 990, 'Irene Larson', 2, 2026),
(214, 295, '3542486987360898', 663, 'Johnny Carter', 10, 2032),
(215, 262, '3530769787010118', 703, 'Annie Fisher', 6, 2037),
(216, 486, '5602239926622445', 695, 'Gregory Banks', 2, 2044),
(217, 434, '3576561241763514', 295, 'Christina Myers', 8, 2021),
(218, 71, '5007661725408034', 596, 'Bobby Lawson', 10, 2043),
(219, 329, '5610437170869405', 344, 'Michael Ryan', 4, 2026),
(220, 189, '5048376022798125', 329, 'Lillian Butler', 3, 2046),
(221, 387, '3580041131381663', 156, 'Jack Stephens', 1, 2035),
(222, 351, '3379413017010768', 585, 'Rachel Rogers', 1, 2043),
(223, 208, '5602211764423699', 488, 'Billy Riley', 2, 2039),
(224, 494, '3532511937424015', 919, 'Heather Spencer', 11, 2030),
(225, 245, '5100149883376223', 519, 'Kelly Martinez', 3, 2048),
(226, 190, '4936056666590040', 351, 'Kelly Kennedy', 4, 2042),
(227, 231, '3542279920901674', 980, 'James Black', 1, 2041),
(228, 219, '3576510224522132', 771, 'Timothy Hawkins', 6, 2029),
(229, 223, '6771794556002648', 508, 'Jesse Parker', 12, 2030),
(230, 162, '3379419531026904', 951, 'Pamela Woods', 12, 2026),
(231, 65, '3545206070063556', 765, 'Roger Stone', 4, 2019),
(232, 444, '3548591113543590', 309, 'Jesse Coleman', 9, 2037),
(233, 369, '6304399129018217', 119, 'Henry Wood', 6, 2026),
(234, 381, '6333652550395166', 755, 'Theresa Riley', 12, 2036),
(235, 498, '5283862104151790', 386, 'Judith Adams', 11, 2044),
(236, 202, '3545399723571784', 911, 'Kimberly Perry', 6, 2049),
(237, 35, '5893966659826920', 741, 'Jeffrey Hawkins', 3, 2021),
(238, 267, '3547448052834681', 391, 'Susan Stone', 2, 2049),
(239, 255, '5108754238332763', 457, 'Kathy Nichols', 8, 2038),
(240, 14, '6759997290870705', 820, 'Nancy Howell', 2, 2018),
(241, 36, '6759803789951172', 297, 'Carl Bryant', 12, 2030),
(242, 492, '3742838882793516', 826, 'Joseph Ward', 2, 2036),
(243, 69, '3535379386925594', 361, 'Kevin Cruz', 11, 2040),
(244, 250, '3023903821428402', 174, 'Melissa Stanley', 9, 2044),
(245, 116, '3558250979252518', 152, 'Lillian Arnold', 4, 2035),
(246, 409, '3539214742522320', 443, 'Joan Price', 1, 2023),
(247, 271, '5602242346672321', 438, 'Mark Dixon', 9, 2045),
(248, 81, '3530908684171520', 347, 'Victor Robertson', 10, 2038),
(249, 174, '6333378278444270', 828, 'Christina Shaw', 9, 2025),
(250, 10, '6377057267172411', 632, 'Harold Jackson', 3, 2049);

-- --------------------------------------------------------

--
-- Table structure for table `users`
--

CREATE TABLE `users` (
  `id` int(11) NOT NULL,
  `username` varchar(20) DEFAULT NULL,
  `password` varchar(20) DEFAULT NULL,
  `firstname` varchar(20) DEFAULT NULL,
  `surname` varchar(20) DEFAULT NULL,
  `email` varchar(255) DEFAULT NULL
) ENGINE=MyISAM DEFAULT CHARSET=latin1;

--
-- Dumping data for table `users`
--

INSERT INTO `users` (`id`, `username`, `password`, `firstname`, `surname`, `email`) VALUES
(1, 'vgardner0', '4ekw8ZSHe', 'Virginia', 'Gardner', 'vgardner0@apache.org'),
(2, 'bscott1', 'LSsX2UNEU1T', 'Bruce', 'Scott', 'bscott1@sakura.ne.jp'),
(3, 'amorrison2', 'F2C6QTw', 'Anne', 'Morrison', 'amorrison2@prnewswire.com'),
(4, 'fmoore3', 'i56gxP', 'Fred', 'Moore', 'fmoore3@diigo.com'),
(5, 'aperez4', 'LwfM7Y6Td4u8', 'Andrew', 'Perez', 'aperez4@edublogs.org'),
(6, 'rramos5', 'BAaugp', 'Ronald', 'Ramos', 'rramos5@wikispaces.com'),
(7, 'gperkins6', 'OYZvH973EiUU', 'Gloria', 'Perkins', 'gperkins6@paypal.com'),
(8, 'amorris7', 'rBTxvtqj', 'Angela', 'Morris', 'amorris7@plala.or.jp'),
(9, 'lsnyder8', 'lQ5uGrU2K', 'Lori', 'Snyder', 'lsnyder8@live.com'),
(10, 'lrobinson9', 'n5PDB1Kix5r', 'Lawrence', 'Robinson', 'lrobinson9@mashable.com'),
(11, 'mboyda', 'fEf2hG6qJu', 'Maria', 'Boyd', 'mboyda@com.com'),
(12, 'aleeb', 'hR6N3dmIQV', 'Adam', 'Lee', 'aleeb@yandex.ru'),
(13, 'tgilbertc', 'vUWK2xabmOX', 'Theresa', 'Gilbert', 'tgilbertc@linkedin.com'),
(14, 'awashingtond', 'ldaGiDwx', 'Aaron', 'Washington', 'awashingtond@msn.com'),
(15, 'dclarke', 'PrCRFZHc', 'Denise', 'Clark', 'dclarke@fotki.com'),
(16, 'lthompsonf', 'OPLbB0GWdti', 'Lillian', 'Thompson', 'lthompsonf@163.com'),
(17, 'jfreemang', 'yRjIXkd8en', 'Joshua', 'Freeman', 'jfreemang@yelp.com'),
(18, 'smartinezh', '9cWPG7VkcCua', 'Sara', 'Martinez', 'smartinezh@drupal.org'),
(19, 'jcastilloi', 'VaYgBibDeYX', 'Joseph', 'Castillo', 'jcastilloi@redcross.org'),
(20, 'mcooperj', 'u7fLmbnOa', 'Melissa', 'Cooper', 'mcooperj@oracle.com'),
(21, 'sdanielsk', 'FFdOj6cH', 'Susan', 'Daniels', 'sdanielsk@vinaora.com'),
(22, 'freidl', '80jobNh2', 'Fred', 'Reid', 'freidl@mapy.cz'),
(23, 'jsandersm', 'mRmuvf9inM1P', 'Jessica', 'Sanders', 'jsandersm@redcross.org'),
(24, 'psmithn', 'tIQuiv0Nv', 'Phyllis', 'Smith', 'psmithn@blog.com'),
(25, 'rbello', 'Lrlur4rNGOsN', 'Rachel', 'Bell', 'rbello@howstuffworks.com'),
(26, 'rleep', '6ebfH7', 'Ralph', 'Lee', 'rleep@storify.com'),
(27, 'jhillq', 'pOMM8K', 'Jerry', 'Hill', 'jhillq@delicious.com'),
(28, 'tcrawfordr', 'epxliHGP', 'Timothy', 'Crawford', 'tcrawfordr@cyberchimps.com'),
(29, 'mkellys', 'd5xSLAj2Mra', 'Mark', 'Kelly', 'mkellys@jiathis.com'),
(30, 'gmorgant', 'G3sC2F5hqY', 'Gloria', 'Morgan', 'gmorgant@netscape.com'),
(31, 'rbishopu', 'JV9Mh6HVYGi', 'Ralph', 'Bishop', 'rbishopu@biblegateway.com'),
(32, 'dburnsv', 'nSZBJam', 'Dennis', 'Burns', 'dburnsv@senate.gov'),
(33, 'jbarnesw', 'V2BjkGpwMQqI', 'Jeremy', 'Barnes', 'jbarnesw@google.it'),
(34, 'dwilliamsonx', 'WsAwqGZK', 'Deborah', 'Williamson', 'dwilliamsonx@desdev.cn'),
(35, 'krichardsony', 'Wk55yTb7Cm', 'Kimberly', 'Richardson', 'krichardsony@china.com.cn'),
(36, 'phughesz', 'VfuTql8woUud', 'Philip', 'Hughes', 'phughesz@wix.com'),
(37, 'jhunter10', 'uZhHito1D', 'Julia', 'Hunter', 'jhunter10@home.pl'),
(38, 'arice11', 'AHWxrOPAB', 'Alan', 'Rice', 'arice11@wix.com'),
(39, 'bmurphy12', 'zehu4msQ214', 'Brenda', 'Murphy', 'bmurphy12@printfriendly.com'),
(40, 'jsanders13', 'CBrWDv3RYaPg', 'Joan', 'Sanders', 'jsanders13@wix.com'),
(41, 'jmills14', 'BH2F6o69g', 'Jimmy', 'Mills', 'jmills14@webs.com'),
(42, 'afranklin15', 'DQpxwQ', 'Anna', 'Franklin', 'afranklin15@sitemeter.com'),
(43, 'pcruz16', 'wz7UqEkoA', 'Paul', 'Cruz', 'pcruz16@liveinternet.ru'),
(44, 'tolson17', 'lfDrScITLV', 'Timothy', 'Olson', 'tolson17@comcast.net'),
(45, 'mthomas18', '14CgVXr', 'Maria', 'Thomas', 'mthomas18@un.org'),
(46, 'phill19', 'nyl95CxS9nFO', 'Phillip', 'Hill', 'phill19@netscape.com'),
(47, 'bknight1a', 'U6QFMVLPPsOE', 'Bonnie', 'Knight', 'bknight1a@upenn.edu'),
(48, 'kramirez1b', 'FTJijg7n', 'Kenneth', 'Ramirez', 'kramirez1b@histats.com'),
(49, 'cyoung1c', 'aiBFAhQ07fn5', 'Carolyn', 'Young', 'cyoung1c@mozilla.org'),
(50, 'whill1d', 'GRXeVsDBE', 'Walter', 'Hill', 'whill1d@xrea.com'),
(51, 'cwhite1e', '0cN19H', 'Christine', 'White', 'cwhite1e@comcast.net'),
(52, 'ccarpenter1f', 'OfIkCI0k', 'Christopher', 'Carpenter', 'ccarpenter1f@deliciousdays.com'),
(53, 'jscott1g', 'wd4sSdpgU', 'Jacqueline', 'Scott', 'jscott1g@yahoo.com'),
(54, 'nmontgomery1h', 'rrCq4w', 'Nicholas', 'Montgomery', 'nmontgomery1h@google.cn'),
(55, 'kbell1i', 'E1Oz6xdJBV3', 'Keith', 'Bell', 'kbell1i@eepurl.com'),
(56, 'kgutierrez1j', 'jbvoIL', 'Katherine', 'Gutierrez', 'kgutierrez1j@homestead.com'),
(57, 'amiller1k', '96XxdEtEQm8Q', 'Andrew', 'Miller', 'amiller1k@ow.ly'),
(58, 'dhenderson1l', '8xLLE81PwOVC', 'Douglas', 'Henderson', 'dhenderson1l@weibo.com'),
(59, 'bbutler1m', 'K0lEQ9lyX', 'Billy', 'Butler', 'bbutler1m@flavors.me'),
(60, 'sprice1n', 'KoDCkmZ', 'Susan', 'Price', 'sprice1n@illinois.edu'),
(61, 'tburton1o', 'F080Ky', 'Terry', 'Burton', 'tburton1o@miitbeian.gov.cn'),
(62, 'cperkins1p', 'ksPUI1FV', 'Carlos', 'Perkins', 'cperkins1p@senate.gov'),
(63, 'mgonzalez1q', 'C4Q2SC1v11y', 'Mildred', 'Gonzalez', 'mgonzalez1q@ucsd.edu'),
(64, 'cporter1r', 'DBBa3RtNV', 'Chris', 'Porter', 'cporter1r@webnode.com'),
(65, 'probinson1s', 'h91zkP', 'Phyllis', 'Robinson', 'probinson1s@squarespace.com'),
(66, 'kford1t', 'sTLhSS', 'Kathryn', 'Ford', 'kford1t@cafepress.com'),
(67, 'pcampbell1u', 'yG59ejNB', 'Pamela', 'Campbell', 'pcampbell1u@e-recht24.de'),
(68, 'bmartinez1v', 'aSkYRbDe', 'Bonnie', 'Martinez', 'bmartinez1v@ycombinator.com'),
(69, 'dmcdonald1w', '7oGQlMOvGC', 'Donald', 'Mcdonald', 'dmcdonald1w@i2i.jp'),
(70, 'dpeterson1x', 'k9wTWSdj0M', 'Diane', 'Peterson', 'dpeterson1x@yandex.ru'),
(71, 'mkim1y', 'lrLrPGj6d', 'Melissa', 'Kim', 'mkim1y@pcworld.com'),
(72, 'cray1z', 'cRtOtyHpHz7I', 'Carolyn', 'Ray', 'cray1z@cnbc.com'),
(73, 'twhite20', 'qxK5cGwqKcIJ', 'Timothy', 'White', 'twhite20@vimeo.com'),
(74, 'pfranklin21', '90gNUmsfGFw', 'Phillip', 'Franklin', 'pfranklin21@economist.com'),
(75, 'jlawrence22', 'SMagMrD6v3bQ', 'Jessica', 'Lawrence', 'jlawrence22@army.mil'),
(76, 'pmendoza23', 'mHTHRLq', 'Paul', 'Mendoza', 'pmendoza23@redcross.org'),
(77, 'mdavis24', 'I4MGom', 'Michael', 'Davis', 'mdavis24@networksolutions.com'),
(78, 'shenderson25', 'b7C6VdboDN4', 'Shawn', 'Henderson', 'shenderson25@csmonitor.com'),
(79, 'sjenkins26', 'lXs3sUMIrda', 'Stephanie', 'Jenkins', 'sjenkins26@hp.com'),
(80, 'tparker27', 'aA1E4B', 'Teresa', 'Parker', 'tparker27@samsung.com'),
(81, 'jmills28', 'ytH7o4uB', 'Jimmy', 'Mills', 'jmills28@dell.com'),
(82, 'kgardner29', 'WPkbd5bBGI', 'Kathryn', 'Gardner', 'kgardner29@tamu.edu'),
(83, 'kwilliams2a', 'kECxaiqg4G', 'Keith', 'Williams', 'kwilliams2a@jalbum.net'),
(84, 'jkennedy2b', 'bdoBUTJ', 'Jonathan', 'Kennedy', 'jkennedy2b@odnoklassniki.ru'),
(85, 'acampbell2c', '77eb84wAfBCI', 'Aaron', 'Campbell', 'acampbell2c@geocities.jp'),
(86, 'lking2d', 'FnaNp7oV8l', 'Laura', 'King', 'lking2d@ebay.com'),
(87, 'ajones2e', '9l4FBCa', 'Alice', 'Jones', 'ajones2e@behance.net'),
(88, 'rgarcia2f', 'dbVZtSZORp', 'Ruth', 'Garcia', 'rgarcia2f@1und1.de'),
(89, 'rdunn2g', 'Eua2WIvQ', 'Robin', 'Dunn', 'rdunn2g@newyorker.com'),
(90, 'emoore2h', '4P4qD5', 'Eugene', 'Moore', 'emoore2h@elpais.com'),
(91, 'jjackson2i', 'KwI09v6k9', 'Jack', 'Jackson', 'jjackson2i@google.co.jp'),
(92, 'kturner2j', 'jQAE0LJvsBsF', 'Kelly', 'Turner', 'kturner2j@oaic.gov.au'),
(93, 'apayne2k', 'ojjFLP3t', 'Antonio', 'Payne', 'apayne2k@baidu.com'),
(94, 'gsanders2l', 's9ssP3mz', 'George', 'Sanders', 'gsanders2l@amazonaws.com'),
(95, 'vgarrett2m', 'HCwk0fX6Z', 'Virginia', 'Garrett', 'vgarrett2m@rakuten.co.jp'),
(96, 'arivera2n', 'aNs5Y8', 'Antonio', 'Rivera', 'arivera2n@simplemachines.org'),
(97, 'elane2o', 'sRcf93ZYZ', 'Earl', 'Lane', 'elane2o@xrea.com'),
(98, 'aellis2p', 'FFAGDMzhg', 'Albert', 'Ellis', 'aellis2p@goodreads.com'),
(99, 'twatson2q', '3UeckuN8hXC', 'Timothy', 'Watson', 'twatson2q@hatena.ne.jp'),
(100, 'rrichardson2r', '6asWZMuAHzr', 'Roger', 'Richardson', 'rrichardson2r@dyndns.org'),
(101, 'bbaker2s', 'tYNamyfxj', 'Bobby', 'Baker', 'bbaker2s@opensource.org'),
(102, 'mrivera2t', 'rfjj36PH', 'Marilyn', 'Rivera', 'mrivera2t@ow.ly'),
(103, 'rrice2u', 'cN1fii', 'Rose', 'Rice', 'rrice2u@joomla.org'),
(104, 'fbennett2v', 'GVXS5Ffy', 'Fred', 'Bennett', 'fbennett2v@stumbleupon.com'),
(105, 'jsimpson2w', 'mVzpgXnIi9jM', 'Julie', 'Simpson', 'jsimpson2w@icq.com'),
(106, 'bstewart2x', 'lev1zii3wN', 'Beverly', 'Stewart', 'bstewart2x@wix.com'),
(107, 'callen2y', 'kwYoSiA3bZ', 'Chris', 'Allen', 'callen2y@yelp.com'),
(108, 'shenry2z', 'iJXSpI2', 'Stephen', 'Henry', 'shenry2z@ed.gov'),
(109, 'agarza30', 'z3QkCqCWz', 'Ann', 'Garza', 'agarza30@gravatar.com'),
(110, 'emurray31', 'ZYilyT', 'Ernest', 'Murray', 'emurray31@google.de'),
(111, 'sgarza32', 'VOoqRCUt', 'Steven', 'Garza', 'sgarza32@icq.com'),
(112, 'jwood33', 'Sx6PxXNkK747', 'Janet', 'Wood', 'jwood33@columbia.edu'),
(113, 'rhoward34', 'jwJt3c68U', 'Robert', 'Howard', 'rhoward34@fotki.com'),
(114, 'jwilliamson35', 'KsdDKS4akZN', 'John', 'Williamson', 'jwilliamson35@vistaprint.com'),
(115, 'drivera36', 'dJ39tcZS', 'Donna', 'Rivera', 'drivera36@wiley.com'),
(116, 'brichardson37', 'LfSqWkQX', 'Brandon', 'Richardson', 'brichardson37@vinaora.com'),
(117, 'kburns38', 'DRS3zC', 'Kenneth', 'Burns', 'kburns38@bloomberg.com'),
(118, 'cwheeler39', 'AJYK2R', 'Christopher', 'Wheeler', 'cwheeler39@slashdot.org'),
(119, 'ralexander3a', 'wj6doJ', 'Ryan', 'Alexander', 'ralexander3a@networksolutions.com'),
(120, 'jhowell3b', 'HOWnOUckpP', 'Jesse', 'Howell', 'jhowell3b@ehow.com'),
(121, 'awalker3c', 'AtkYsV9Tk', 'Adam', 'Walker', 'awalker3c@shutterfly.com'),
(122, 'twalker3d', 'n2PdLHS', 'Terry', 'Walker', 'twalker3d@un.org'),
(123, 'wcarr3e', 'hFviWhUF1Hd', 'Walter', 'Carr', 'wcarr3e@yahoo.co.jp'),
(124, 'droberts3f', 'wftHtKh', 'David', 'Roberts', 'droberts3f@ning.com'),
(125, 'hgordon3g', 'PgSilk2ME', 'Henry', 'Gordon', 'hgordon3g@imageshack.us'),
(126, 'jfuller3h', 'ZNy2gkt4c', 'James', 'Fuller', 'jfuller3h@sohu.com'),
(127, 'rporter3i', 'B3MTBh', 'Randy', 'Porter', 'rporter3i@wikipedia.org'),
(128, 'bpowell3j', 'usk2peCgU6G', 'Betty', 'Powell', 'bpowell3j@ox.ac.uk'),
(129, 'lknight3k', '6uWuu4TntW6', 'Larry', 'Knight', 'lknight3k@seattletimes.com'),
(130, 'twagner3l', 'C6IjkGD7w3zV', 'Terry', 'Wagner', 'twagner3l@gmpg.org'),
(131, 'jduncan3m', '24rcrSWc6JkV', 'Johnny', 'Duncan', 'jduncan3m@hhs.gov'),
(132, 'bfox3n', '08JE3sj', 'Bruce', 'Fox', 'bfox3n@sun.com'),
(133, 'mferguson3o', 'yiAdq3M', 'Melissa', 'Ferguson', 'mferguson3o@tamu.edu'),
(134, 'dlynch3p', '4eVeyHklfdFG', 'Donald', 'Lynch', 'dlynch3p@phoca.cz'),
(135, 'dhughes3q', 'oMigSFdUu5N', 'Diana', 'Hughes', 'dhughes3q@newsvine.com'),
(136, 'glarson3r', 'PhVcqZf', 'Gerald', 'Larson', 'glarson3r@diigo.com'),
(137, 'djacobs3s', '1Q6BlShe0', 'Debra', 'Jacobs', 'djacobs3s@dedecms.com'),
(138, 'rcunningham3t', '6Hio0Guxri', 'Ruth', 'Cunningham', 'rcunningham3t@yellowpages.com'),
(139, 'jgardner3u', '1IoQi6zNRxzF', 'Jeremy', 'Gardner', 'jgardner3u@cbc.ca'),
(140, 'lgray3v', 'WvGeLgp4', 'Linda', 'Gray', 'lgray3v@uiuc.edu'),
(141, 'vjones3w', 'uYgewwHHYhO', 'Victor', 'Jones', 'vjones3w@rambler.ru'),
(142, 'hburton3x', 'x1SpuB1x0y', 'Helen', 'Burton', 'hburton3x@craigslist.org'),
(143, 'bflores3y', 'RzbjG5EuL', 'Brandon', 'Flores', 'bflores3y@go.com'),
(144, 'pray3z', 'eZueNKZ', 'Peter', 'Ray', 'pray3z@economist.com'),
(145, 'rkelley40', '9xNIPfMU', 'Ralph', 'Kelley', 'rkelley40@baidu.com'),
(146, 'erice41', '6XnAWd', 'Ernest', 'Rice', 'erice41@nasa.gov'),
(147, 'igriffin42', 'hXc8bZfJT', 'Irene', 'Griffin', 'igriffin42@cnn.com'),
(148, 'jmartinez43', 'KWwemC', 'Jack', 'Martinez', 'jmartinez43@wordpress.com'),
(149, 'tpowell44', 'W2Kgqg2Egct', 'Thomas', 'Powell', 'tpowell44@vimeo.com'),
(150, 'rmarshall45', 'zRNDX1', 'Robert', 'Marshall', 'rmarshall45@hud.gov'),
(151, 'sreynolds46', '21kQBChd', 'Shawn', 'Reynolds', 'sreynolds46@cornell.edu'),
(152, 'jelliott47', 'h4ljRuxGjtE', 'Judy', 'Elliott', 'jelliott47@unc.edu'),
(153, 'ajenkins48', 'UWcxMr', 'Alice', 'Jenkins', 'ajenkins48@go.com'),
(154, 'jwright49', 'gtqeA2ceW6bh', 'Jonathan', 'Wright', 'jwright49@newsvine.com'),
(155, 'lwest4a', 'GQEU9H3', 'Lois', 'West', 'lwest4a@ovh.net'),
(156, 'rhawkins4b', 'U5GgWRld4mp', 'Ruth', 'Hawkins', 'rhawkins4b@yellowpages.com'),
(157, 'bwatson4c', 'Q9tkIcbJqI', 'Barbara', 'Watson', 'bwatson4c@state.gov'),
(158, 'jfernandez4d', 'Y4vijgGV', 'Joyce', 'Fernandez', 'jfernandez4d@themeforest.net'),
(159, 'rlawson4e', 'a6UhVR2fh', 'Roger', 'Lawson', 'rlawson4e@slate.com'),
(160, 'dgarrett4f', 'vZNqLZM9c', 'Denise', 'Garrett', 'dgarrett4f@discuz.net'),
(161, 'jburke4g', 'LS7XLMZ5', 'Jose', 'Burke', 'jburke4g@godaddy.com'),
(162, 'jhudson4h', 'i8G7bZSpPn', 'Julie', 'Hudson', 'jhudson4h@bigcartel.com'),
(163, 'jlewis4i', 'wPt5J4R4pZM', 'Jose', 'Lewis', 'jlewis4i@istockphoto.com'),
(164, 'mhart4j', 'ieWFDG9k9v5X', 'Mildred', 'Hart', 'mhart4j@wired.com'),
(165, 'toliver4k', 'tYu0axyYb', 'Theresa', 'Oliver', 'toliver4k@dot.gov'),
(166, 'cyoung4l', 'oZA4sb7F8Kkr', 'Carl', 'Young', 'cyoung4l@biglobe.ne.jp'),
(167, 'dgarcia4m', 'MTIJ9ume', 'Daniel', 'Garcia', 'dgarcia4m@un.org'),
(168, 'jgibson4n', 'mMofuRH', 'Janet', 'Gibson', 'jgibson4n@buzzfeed.com'),
(169, 'mknight4o', 'SqJOnlhQfISq', 'Matthew', 'Knight', 'mknight4o@bluehost.com'),
(170, 'lgraham4p', 'cO6WwRHW', 'Louise', 'Graham', 'lgraham4p@t-online.de'),
(171, 'bspencer4q', 'T1rGuf', 'Bobby', 'Spencer', 'bspencer4q@live.com'),
(172, 'mlane4r', 'EcIoLnWHe', 'Marilyn', 'Lane', 'mlane4r@cbc.ca'),
(173, 'tjohnson4s', 'yRF9rMxT', 'Teresa', 'Johnson', 'tjohnson4s@weather.com'),
(174, 'jvasquez4t', 'hRlX7eE', 'Jennifer', 'Vasquez', 'jvasquez4t@indiatimes.com'),
(175, 'tgeorge4u', 'KfdGprj8', 'Tammy', 'George', 'tgeorge4u@51.la'),
(176, 'bfernandez4v', 'DjgPAzbS', 'Brian', 'Fernandez', 'bfernandez4v@google.fr'),
(177, 'dgibson4w', 'cwRynU', 'Diane', 'Gibson', 'dgibson4w@mozilla.org'),
(178, 'dperkins4x', 'm80z5Oz6g', 'Debra', 'Perkins', 'dperkins4x@tinyurl.com'),
(179, 'bwells4y', 'P4PMGu0LzsWb', 'Brenda', 'Wells', 'bwells4y@webmd.com'),
(180, 'dcruz4z', 'gMs0rrpjoe', 'Diane', 'Cruz', 'dcruz4z@quantcast.com'),
(181, 'rreyes50', 'uZU00EcLo', 'Ronald', 'Reyes', 'rreyes50@berkeley.edu'),
(182, 'kbennett51', 'BELwxqS', 'Keith', 'Bennett', 'kbennett51@e-recht24.de'),
(183, 'jnelson52', 'XStGJ5omeep5', 'Juan', 'Nelson', 'jnelson52@noaa.gov'),
(184, 'abanks53', 'T5lNaWu7', 'Annie', 'Banks', 'abanks53@joomla.org'),
(185, 'dlynch54', 'OxLGrT2ZZuW', 'Diana', 'Lynch', 'dlynch54@independent.co.uk'),
(186, 'hrogers55', 'Hcaae6q', 'Howard', 'Rogers', 'hrogers55@sciencedirect.com'),
(187, 'gstewart56', 'Qn9QKLsTSt', 'Gregory', 'Stewart', 'gstewart56@businessinsider.com'),
(188, 'jpeterson57', 'W3dYWe', 'Jane', 'Peterson', 'jpeterson57@twitpic.com'),
(189, 'kwilliams58', 'G8kGQ4A', 'Katherine', 'Williams', 'kwilliams58@shutterfly.com'),
(190, 'jlittle59', 'uJxq8lOD', 'Joshua', 'Little', 'jlittle59@answers.com'),
(191, 'cmccoy5a', 'Z8Th7vGNNBig', 'Carl', 'Mccoy', 'cmccoy5a@archive.org'),
(192, 'jhernandez5b', 'GjsbKysC2', 'Jack', 'Hernandez', 'jhernandez5b@vimeo.com'),
(193, 'pcunningham5c', 'oKhc3oMLK', 'Patrick', 'Cunningham', 'pcunningham5c@oakley.com'),
(194, 'pyoung5d', 'bL8CeB75l4Pp', 'Patrick', 'Young', 'pyoung5d@springer.com'),
(195, 'mgarrett5e', 'YWyRQ6lKbn', 'Mary', 'Garrett', 'mgarrett5e@joomla.org'),
(196, 'jevans5f', 'LTCUny', 'Jose', 'Evans', 'jevans5f@usgs.gov'),
(197, 'jsims5g', 'WF8KdoK9Kgpw', 'Joan', 'Sims', 'jsims5g@ameblo.jp'),
(198, 'dgibson5h', '7yKZcQwBp', 'Donna', 'Gibson', 'dgibson5h@google.com.au'),
(199, 'jbishop5i', 'aSTGx7PoN', 'Jean', 'Bishop', 'jbishop5i@stanford.edu'),
(200, 'rdixon5j', 'pCzfgS', 'Ryan', 'Dixon', 'rdixon5j@flickr.com'),
(201, 'atorres5k', 't4eI5Y', 'Anne', 'Torres', 'atorres5k@bing.com'),
(202, 'shudson5l', 'FY5w5v62LPP', 'Sharon', 'Hudson', 'shudson5l@utexas.edu'),
(203, 'ckelly5m', '1B3GIl9KkPB', 'Christopher', 'Kelly', 'ckelly5m@studiopress.com'),
(204, 'bryan5n', 'UCThJTwK', 'Bonnie', 'Ryan', 'bryan5n@tiny.cc'),
(205, 'jmurphy5o', 'UEkoRSI6u1', 'Janice', 'Murphy', 'jmurphy5o@japanpost.jp'),
(206, 'djames5p', 'zVzuYO5cA', 'Donna', 'James', 'djames5p@vistaprint.com'),
(207, 'dhart5q', 'SpRAglb', 'Dorothy', 'Hart', 'dhart5q@webeden.co.uk'),
(208, 'dcrawford5r', 'ScpuEBqxWUoO', 'Diane', 'Crawford', 'dcrawford5r@apple.com'),
(209, 'ageorge5s', 'Fa5GthCNF3im', 'Anna', 'George', 'ageorge5s@cdc.gov'),
(210, 'lduncan5t', 'akeVeZPsd', 'Laura', 'Duncan', 'lduncan5t@nbcnews.com'),
(211, 'akelley5u', 't0GWDBuzH8', 'Amy', 'Kelley', 'akelley5u@vk.com'),
(212, 'wlane5v', 'h4Ae1GayadBT', 'William', 'Lane', 'wlane5v@trellian.com'),
(213, 'bmorales5w', 'wfJxWqS', 'Betty', 'Morales', 'bmorales5w@discovery.com'),
(214, 'dgreene5x', 'WhLt3C', 'Diane', 'Greene', 'dgreene5x@mac.com'),
(215, 'phowell5y', 'YNVQWPLHJ', 'Patrick', 'Howell', 'phowell5y@spotify.com'),
(216, 'lrobertson5z', 'lIOxufqoTjy', 'Lori', 'Robertson', 'lrobertson5z@xing.com'),
(217, 'mspencer60', 'OzJRNGdq8hU', 'Margaret', 'Spencer', 'mspencer60@mozilla.com'),
(218, 'kwatson61', 'sJW5Ci', 'Kathy', 'Watson', 'kwatson61@ehow.com'),
(219, 'rperry62', 'TIoYPH8N', 'Rose', 'Perry', 'rperry62@aol.com'),
(220, 'shart63', '3NbJA6', 'Susan', 'Hart', 'shart63@businesswire.com'),
(221, 'sblack64', 'ckHY8oTULa', 'Sharon', 'Black', 'sblack64@hhs.gov'),
(222, 'rpowell65', 'aGHMy60y7IUK', 'Russell', 'Powell', 'rpowell65@techcrunch.com'),
(223, 'ldunn66', 'n1nSoPnZwX', 'Laura', 'Dunn', 'ldunn66@clickbank.net'),
(224, 'rmorgan67', 'FdWnqJ', 'Ralph', 'Morgan', 'rmorgan67@earthlink.net'),
(225, 'tgonzales68', 'gMGExXdM', 'Thomas', 'Gonzales', 'tgonzales68@livejournal.com'),
(226, 'jbrown69', '3seC8P6', 'Johnny', 'Brown', 'jbrown69@ask.com'),
(227, 'scampbell6a', '1HCOftesk', 'Sean', 'Campbell', 'scampbell6a@nymag.com'),
(228, 'lross6b', '1xWAx6YPku', 'Laura', 'Ross', 'lross6b@bluehost.com'),
(229, 'jolson6c', 'TKw1fBkix', 'Joseph', 'Olson', 'jolson6c@taobao.com'),
(230, 'drobinson6d', 'xdyal4ABEU', 'Dennis', 'Robinson', 'drobinson6d@gizmodo.com'),
(231, 'ahayes6e', 'CkTgyWep', 'Adam', 'Hayes', 'ahayes6e@seesaa.net'),
(232, 'lduncan6f', 'J1bPvhGO7mT', 'Linda', 'Duncan', 'lduncan6f@princeton.edu'),
(233, 'jhenry6g', 'rn2nroJ', 'John', 'Henry', 'jhenry6g@dion.ne.jp'),
(234, 'dday6h', 'JCD5p98FIWa', 'Deborah', 'Day', 'dday6h@vistaprint.com'),
(235, 'hsanders6i', 'z9etKBiL', 'Harry', 'Sanders', 'hsanders6i@shop-pro.jp'),
(236, 'jowens6j', 'ss1yHqL', 'Janice', 'Owens', 'jowens6j@flavors.me'),
(237, 'fking6k', 'XAI0imdFc', 'Frances', 'King', 'fking6k@google.it'),
(238, 'ehoward6l', 'p4b2e68g', 'Earl', 'Howard', 'ehoward6l@amazon.co.jp'),
(239, 'lpeters6m', 'UzU1R4BRTQD', 'Lori', 'Peters', 'lpeters6m@mashable.com'),
(240, 'nhernandez6n', 'JknnYHCKUA', 'Nancy', 'Hernandez', 'nhernandez6n@blog.com'),
(241, 'mpeterson6o', '97MXOBE', 'Mary', 'Peterson', 'mpeterson6o@wix.com'),
(242, 'slawrence6p', 'kYgxAl', 'Steven', 'Lawrence', 'slawrence6p@tmall.com'),
(243, 'lgray6q', 'BUOlyQuI', 'Lillian', 'Gray', 'lgray6q@infoseek.co.jp'),
(244, 'eblack6r', 'CzLFYBlHzK', 'Edward', 'Black', 'eblack6r@addtoany.com'),
(245, 'jmartin6s', 'XqV3HfLHD6', 'Joyce', 'Martin', 'jmartin6s@npr.org'),
(246, 'lhunter6t', '99va0P', 'Louis', 'Hunter', 'lhunter6t@oakley.com'),
(247, 'rprice6u', 't9dkv5VgjMIb', 'Raymond', 'Price', 'rprice6u@netlog.com'),
(248, 'jjordan6v', '0MkogvtJh', 'James', 'Jordan', 'jjordan6v@opera.com'),
(249, 'bspencer6w', 'hwR6atqG', 'Betty', 'Spencer', 'bspencer6w@w3.org'),
(250, 'ledwards6x', 't78jzW', 'Lori', 'Edwards', 'ledwards6x@qq.com'),
(251, 'bcollins6y', 'abF2cjmmY1', 'Bonnie', 'Collins', 'bcollins6y@princeton.edu'),
(252, 'asimmons6z', 'lxtAeI3ANC', 'Anne', 'Simmons', 'asimmons6z@hc360.com'),
(253, 'nlane70', 'Pyue7H8', 'Norma', 'Lane', 'nlane70@omniture.com'),
(254, 'whernandez71', 'X5BRM8v', 'Willie', 'Hernandez', 'whernandez71@feedburner.com'),
(255, 'jhughes72', 'qX7WJa', 'Jose', 'Hughes', 'jhughes72@so-net.ne.jp'),
(256, 'rbanks73', 'lIZwNqS', 'Ruth', 'Banks', 'rbanks73@google.com'),
(257, 'rmorales74', '20vWrgFKAiy', 'Randy', 'Morales', 'rmorales74@blogspot.com'),
(258, 'gadams75', 'pFDy5lcaZs', 'Gloria', 'Adams', 'gadams75@usda.gov'),
(259, 'kduncan76', 's5GXoVpjmb', 'Kimberly', 'Duncan', 'kduncan76@businesswire.com'),
(260, 'emccoy77', 'pUoLs3nU', 'Evelyn', 'Mccoy', 'emccoy77@foxnews.com'),
(261, 'hgilbert78', 'mzcIKnR6', 'Harry', 'Gilbert', 'hgilbert78@home.pl'),
(262, 'rvasquez79', 'wPgXPC6EVgPP', 'Rachel', 'Vasquez', 'rvasquez79@toplist.cz'),
(263, 'kkim7a', 'BgCSeWYJVLRo', 'Kathryn', 'Kim', 'kkim7a@ovh.net'),
(264, 'dholmes7b', 'fkUof2O07Xi', 'Daniel', 'Holmes', 'dholmes7b@columbia.edu'),
(265, 'mbryant7c', '2pABRf9', 'Martha', 'Bryant', 'mbryant7c@springer.com'),
(266, 'mhunter7d', '2ml1wz2p89tX', 'Mildred', 'Hunter', 'mhunter7d@tripadvisor.com'),
(267, 'mfields7e', '2KvZz4s', 'Margaret', 'Fields', 'mfields7e@smh.com.au'),
(268, 'awagner7f', 'vQ9QCxMnmZa', 'Angela', 'Wagner', 'awagner7f@typepad.com'),
(269, 'cedwards7g', 'it8L8Ht', 'Christine', 'Edwards', 'cedwards7g@hhs.gov'),
(270, 'palexander7h', 'wjn1WXueBu', 'Paul', 'Alexander', 'palexander7h@phoca.cz'),
(271, 'arice7i', 'oQym4pPjYvI8', 'Ashley', 'Rice', 'arice7i@salon.com'),
(272, 'cvasquez7j', 'Ypzjf11fO10', 'Clarence', 'Vasquez', 'cvasquez7j@elegantthemes.com'),
(273, 'wgray7k', 'E1tTTErn', 'William', 'Gray', 'wgray7k@linkedin.com'),
(274, 'price7l', 'aPOoFPxn', 'Patricia', 'Rice', 'price7l@adobe.com'),
(275, 'dmyers7m', 'i8KZrtG', 'Dennis', 'Myers', 'dmyers7m@github.io'),
(276, 'carmstrong7n', 'kUlI3Ly', 'Carlos', 'Armstrong', 'carmstrong7n@51.la'),
(277, 'jmarshall7o', 'ruyO7Uz', 'Juan', 'Marshall', 'jmarshall7o@buzzfeed.com'),
(278, 'dhill7p', 'hX7Z7kY', 'Dorothy', 'Hill', 'dhill7p@cnbc.com'),
(279, 'dedwards7q', 'VIYI7Y', 'Dorothy', 'Edwards', 'dedwards7q@indiegogo.com'),
(280, 'klarson7r', 'IpGqAgzjEABg', 'Kimberly', 'Larson', 'klarson7r@cocolog-nifty.com'),
(281, 'pberry7s', 'PtX0LU', 'Pamela', 'Berry', 'pberry7s@netscape.com'),
(282, 'wbanks7t', 'xsYPLeLSNI', 'Willie', 'Banks', 'wbanks7t@liveinternet.ru'),
(283, 'lray7u', 'wox7ry', 'Larry', 'Ray', 'lray7u@bloglines.com'),
(284, 'emcdonald7v', 'iRHU5g', 'Eugene', 'Mcdonald', 'emcdonald7v@fema.gov'),
(285, 'nhunter7w', 'CMBkaA1', 'Nicole', 'Hunter', 'nhunter7w@pen.io'),
(286, 'kmorrison7x', 'qzTpApD', 'Katherine', 'Morrison', 'kmorrison7x@wikipedia.org'),
(287, 'jnichols7y', 'UW12O7QgNx', 'Janet', 'Nichols', 'jnichols7y@bloglines.com'),
(288, 'kfuller7z', 'urIhPm3dq09G', 'Katherine', 'Fuller', 'kfuller7z@wordpress.org'),
(289, 'abanks80', 'HLX8RBFUFP', 'Andrew', 'Banks', 'abanks80@delicious.com'),
(290, 'ssmith81', '4LR7szKDycdV', 'Samuel', 'Smith', 'ssmith81@sina.com.cn'),
(291, 'wspencer82', 'Y45A5J5', 'Wanda', 'Spencer', 'wspencer82@freewebs.com'),
(292, 'ehall83', 'CmCIkyBWP3T', 'Eugene', 'Hall', 'ehall83@creativecommons.org'),
(293, 'mharper84', 'fp9dE62AVrlH', 'Michael', 'Harper', 'mharper84@aol.com'),
(294, 'rmatthews85', 'aegKYkAu', 'Roy', 'Matthews', 'rmatthews85@shutterfly.com'),
(295, 'cmorales86', 'oVhRlskng', 'Christopher', 'Morales', 'cmorales86@mapy.cz'),
(296, 'rdiaz87', '1PdybD', 'Russell', 'Diaz', 'rdiaz87@fotki.com'),
(297, 'aspencer88', 'rMrwrcBDC', 'Anna', 'Spencer', 'aspencer88@ebay.com'),
(298, 'mprice89', 'WaA8umA9', 'Matthew', 'Price', 'mprice89@cbsnews.com'),
(299, 'tgreen8a', 'i1g3HzQ9qbm', 'Theresa', 'Green', 'tgreen8a@google.com.br'),
(300, 'vmeyer8b', 'IYuS4NcHeA', 'Victor', 'Meyer', 'vmeyer8b@craigslist.org'),
(301, 'dmorrison8c', '4Oge3g6YQ', 'Donald', 'Morrison', 'dmorrison8c@cbsnews.com'),
(302, 'aross8d', 'QbcfOa0b7M', 'Adam', 'Ross', 'aross8d@house.gov'),
(303, 'rrivera8e', 'Rg0Zvx73E5c', 'Raymond', 'Rivera', 'rrivera8e@google.ru'),
(304, 'rperkins8f', 'C5R2ckJK', 'Randy', 'Perkins', 'rperkins8f@slashdot.org'),
(305, 'rriley8g', 'UiI7paT', 'Roy', 'Riley', 'rriley8g@harvard.edu'),
(306, 'scarr8h', 'pIIoGKYpe', 'Sharon', 'Carr', 'scarr8h@hubpages.com'),
(307, 'tmurphy8i', 'chxJyV', 'Timothy', 'Murphy', 'tmurphy8i@ftc.gov'),
(308, 'egutierrez8j', '37ICIGFwx5', 'Ernest', 'Gutierrez', 'egutierrez8j@mtv.com'),
(309, 'mgreen8k', 'zu4wDRBzkG', 'Matthew', 'Green', 'mgreen8k@wiley.com'),
(310, 'jperry8l', 'zWkXhNBIJen', 'Janice', 'Perry', 'jperry8l@unc.edu'),
(311, 'rburns8m', '5s7rQWzd', 'Randy', 'Burns', 'rburns8m@fastcompany.com'),
(312, 'bsanchez8n', 'ymRHUE3j1', 'Brian', 'Sanchez', 'bsanchez8n@mozilla.org'),
(313, 'dwilson8o', 'SVO1Whf6pLN', 'Douglas', 'Wilson', 'dwilson8o@sitemeter.com'),
(314, 'lreyes8p', 'zsJr3It', 'Lillian', 'Reyes', 'lreyes8p@ed.gov'),
(315, 'ssmith8q', 'pQajHV7CT0vi', 'Stephanie', 'Smith', 'ssmith8q@github.com'),
(316, 'jgonzales8r', 'MeydnPm', 'Johnny', 'Gonzales', 'jgonzales8r@twitter.com'),
(317, 'dkennedy8s', 'Szqy2zrjyXK', 'Dorothy', 'Kennedy', 'dkennedy8s@psu.edu'),
(318, 'efuller8t', 'yp3VZbj', 'Eugene', 'Fuller', 'efuller8t@desdev.cn'),
(319, 'mgonzalez8u', 'd5vDXMYwVhJe', 'Martha', 'Gonzalez', 'mgonzalez8u@nih.gov'),
(320, 'imorales8v', 'FtmBsoa', 'Irene', 'Morales', 'imorales8v@eepurl.com'),
(321, 'kmorales8w', '2OffWMY', 'Kathy', 'Morales', 'kmorales8w@yellowpages.com'),
(322, 'rwells8x', 't13NABxRDg', 'Ruth', 'Wells', 'rwells8x@sogou.com'),
(323, 'rgrant8y', '6aSSWBnew4', 'Ralph', 'Grant', 'rgrant8y@over-blog.com'),
(324, 'wphillips8z', 'ZadMPvEW3', 'William', 'Phillips', 'wphillips8z@vkontakte.ru'),
(325, 'soliver90', '7yJ78V', 'Susan', 'Oliver', 'soliver90@com.com'),
(326, 'crobertson91', 'Jlkgh33xqM3', 'Cynthia', 'Robertson', 'crobertson91@pinterest.com'),
(327, 'aburns92', 'qE5Vz1t6COw', 'Angela', 'Burns', 'aburns92@live.com'),
(328, 'narmstrong93', 'QLdTQisv', 'Norma', 'Armstrong', 'narmstrong93@who.int'),
(329, 'jriley94', 'u24ch1op7', 'Joe', 'Riley', 'jriley94@ask.com'),
(330, 'wfowler95', '3qGUMeX2', 'Walter', 'Fowler', 'wfowler95@phpbb.com'),
(331, 'bthompson96', 'sGdz1643F', 'Brian', 'Thompson', 'bthompson96@deliciousdays.com'),
(332, 'adiaz97', 'Hib25E7', 'Arthur', 'Diaz', 'adiaz97@wufoo.com'),
(333, 'gryan98', 'oVgq7eS', 'Gloria', 'Ryan', 'gryan98@cocolog-nifty.com'),
(334, 'blynch99', 'wdwlWa', 'Bruce', 'Lynch', 'blynch99@networksolutions.com'),
(335, 'dlopez9a', 'UEzyUgWlg', 'Deborah', 'Lopez', 'dlopez9a@1und1.de'),
(336, 'jsanders9b', 'A0sDxc2dC5', 'Julie', 'Sanders', 'jsanders9b@reddit.com'),
(337, 'nlawson9c', 'r5eqNg59', 'Norma', 'Lawson', 'nlawson9c@zdnet.com'),
(338, 'eolson9d', '25ZtZc7CVZQ', 'Eugene', 'Olson', 'eolson9d@google.com.br'),
(339, 'rmurray9e', 'KNmY97e', 'Roy', 'Murray', 'rmurray9e@weebly.com'),
(340, 'hjames9f', 'LDzYq9Sd2FKi', 'Henry', 'James', 'hjames9f@businessweek.com'),
(341, 'dwalker9g', '9LaJJolGhGzc', 'Denise', 'Walker', 'dwalker9g@walmart.com'),
(342, 'jkelley9h', '67mbubN', 'Joan', 'Kelley', 'jkelley9h@dedecms.com'),
(343, 'eperry9i', 'b0Jky3I', 'Edward', 'Perry', 'eperry9i@1688.com'),
(344, 'swarren9j', 'OfLV6C3e', 'Sarah', 'Warren', 'swarren9j@auda.org.au'),
(345, 'pfisher9k', 'uU8BpPf34', 'Phyllis', 'Fisher', 'pfisher9k@bravesites.com'),
(346, 'rmoore9l', 'tMuS6P', 'Robert', 'Moore', 'rmoore9l@canalblog.com'),
(347, 'mhunter9m', 'OadZcq', 'Marie', 'Hunter', 'mhunter9m@si.edu'),
(348, 'rharper9n', 'LYGBjMil7F', 'Ryan', 'Harper', 'rharper9n@addthis.com'),
(349, 'nbennett9o', 'aPs36tDC', 'Nancy', 'Bennett', 'nbennett9o@prweb.com'),
(350, 'mkelly9p', 'hncknJ4fcVM', 'Michael', 'Kelly', 'mkelly9p@myspace.com'),
(351, 'rcollins9q', 'ACn0ug9DIm', 'Rebecca', 'Collins', 'rcollins9q@netscape.com'),
(352, 'saustin9r', 'IpKqjxw0FH', 'Shawn', 'Austin', 'saustin9r@sakura.ne.jp'),
(353, 'emurray9s', 'nQEkadTZk', 'Earl', 'Murray', 'emurray9s@cornell.edu'),
(354, 'dfernandez9t', 'NxL97o3', 'Daniel', 'Fernandez', 'dfernandez9t@arstechnica.com'),
(355, 'tkim9u', 'MJLW72', 'Thomas', 'Kim', 'tkim9u@elpais.com'),
(356, 'wcarr9v', '4CEJQk', 'Wanda', 'Carr', 'wcarr9v@arstechnica.com'),
(357, 'ksullivan9w', 'Nbv4pt', 'Kimberly', 'Sullivan', 'ksullivan9w@mediafire.com'),
(358, 'lwells9x', '2sYwr7rlVk', 'Lawrence', 'Wells', 'lwells9x@smh.com.au'),
(359, 'twatson9y', 'I5yApbT0', 'Thomas', 'Watson', 'twatson9y@ycombinator.com'),
(360, 'mthompson9z', 'CQCklFUO1s', 'Marilyn', 'Thompson', 'mthompson9z@etsy.com'),
(361, 'caustina0', '7eIGEKMxds', 'Craig', 'Austin', 'caustina0@hubpages.com'),
(362, 'grobertsa1', 'AmTrqZRQMBm', 'Gerald', 'Roberts', 'grobertsa1@macromedia.com'),
(363, 'bmartina2', 'iINIuc', 'Billy', 'Martin', 'bmartina2@reddit.com'),
(364, 'mhernandeza3', '23RJphMp', 'Melissa', 'Hernandez', 'mhernandeza3@theglobeandmail.com'),
(365, 'cnicholsa4', 'iQmm2D3Dk', 'Carolyn', 'Nichols', 'cnicholsa4@sitemeter.com'),
(366, 'nwagnera5', 'jL7dwt2', 'Nancy', 'Wagner', 'nwagnera5@com.com'),
(367, 'jrosea6', 'pGLOmou', 'Joan', 'Rose', 'jrosea6@ifeng.com'),
(368, 'jhudsona7', 'mJFO79ksZ', 'Justin', 'Hudson', 'jhudsona7@dailymail.co.uk'),
(369, 'jcartera8', 'RN5Ag3KUH2or', 'Jerry', 'Carter', 'jcartera8@ask.com'),
(370, 'ahendersona9', 'epaSrK', 'Andrew', 'Henderson', 'ahendersona9@usgs.gov'),
(371, 'challaa', 'Fp129uoD2B', 'Catherine', 'Hall', 'challaa@dyndns.org'),
(372, 'jandersonab', 'kjhtHs', 'Julia', 'Anderson', 'jandersonab@google.ca'),
(373, 'mlopezac', 'UksHWSSCs30f', 'Matthew', 'Lopez', 'mlopezac@ucoz.ru'),
(374, 'ptuckerad', 'SGZWDX0BV8p', 'Phyllis', 'Tucker', 'ptuckerad@hibu.com'),
(375, 'kthomasae', 'Aqy1Q1FKVX1', 'Kathy', 'Thomas', 'kthomasae@vkontakte.ru'),
(376, 'pmoralesaf', 'GqZYMETU6pMO', 'Paula', 'Morales', 'pmoralesaf@zimbio.com'),
(377, 'gjohnstonag', 'SlWiaF8p', 'George', 'Johnston', 'gjohnstonag@cbc.ca'),
(378, 'nmorganah', 'nuyGGa', 'Norma', 'Morgan', 'nmorganah@forbes.com'),
(379, 'brileyai', 'vWN7LZ3', 'Beverly', 'Riley', 'brileyai@rediff.com'),
(380, 'ejohnstonaj', 'eRz0Hr', 'Emily', 'Johnston', 'ejohnstonaj@ifeng.com'),
(381, 'jdanielsak', 'anEOdU7q4', 'Jack', 'Daniels', 'jdanielsak@networkadvertising.org'),
(382, 'mcrawfordal', 'nmSuNx', 'Michael', 'Crawford', 'mcrawfordal@yandex.ru'),
(383, 'jholmesam', '8Q5bJwu4cLQ6', 'Jacqueline', 'Holmes', 'jholmesam@earthlink.net'),
(384, 'rjamesan', 'SywPBlMSh7', 'Ronald', 'James', 'rjamesan@parallels.com'),
(385, 'tspencerao', 'UcEJRXfXJV6B', 'Tina', 'Spencer', 'tspencerao@aboutads.info'),
(386, 'hcunninghamap', 'pUTOJddiT4EV', 'Heather', 'Cunningham', 'hcunninghamap@cbslocal.com'),
(387, 'pkennedyaq', 'QN0b3g2Q8GVJ', 'Patrick', 'Kennedy', 'pkennedyaq@archive.org'),
(388, 'mlawrencear', 'K5J6sX', 'Mildred', 'Lawrence', 'mlawrencear@theatlantic.com'),
(389, 'dkingas', '8Dc595', 'Douglas', 'King', 'dkingas@who.int'),
(390, 'jhillat', 'zbYQO29oyc0M', 'Joseph', 'Hill', 'jhillat@si.edu'),
(391, 'skimau', 'LALBCZsFD', 'Shawn', 'Kim', 'skimau@is.gd'),
(392, 'fwilliamsav', 'jbBAFD', 'Frank', 'Williams', 'fwilliamsav@jugem.jp'),
(393, 'hpayneaw', 't5tbg1g', 'Henry', 'Payne', 'hpayneaw@about.me'),
(394, 'alewisax', 'LG9QXL', 'Alice', 'Lewis', 'alewisax@businessinsider.com'),
(395, 'efernandezay', 'MnWdQxyrg', 'Ernest', 'Fernandez', 'efernandezay@sun.com'),
(396, 'ewatsonaz', '7d4hTY3', 'Eric', 'Watson', 'ewatsonaz@amazon.co.jp'),
(397, 'bpriceb0', 'QHlU0Caxx9W', 'Brandon', 'Price', 'bpriceb0@feedburner.com'),
(398, 'showellb1', '82igegbcPkvI', 'Samuel', 'Howell', 'showellb1@addthis.com'),
(399, 'iscottb2', 'hlwUi72G', 'Irene', 'Scott', 'iscottb2@yellowbook.com'),
(400, 'clittleb3', 'jcQNObva', 'Christina', 'Little', 'clittleb3@npr.org'),
(401, 'klewisb4', 'tPSa1aD1ZO', 'Kathleen', 'Lewis', 'klewisb4@ebay.co.uk'),
(402, 'sdunnb5', 'VhIc6Vtt', 'Stephen', 'Dunn', 'sdunnb5@friendfeed.com'),
(403, 'ebrooksb6', 'feSu0aj', 'Evelyn', 'Brooks', 'ebrooksb6@prnewswire.com'),
(404, 'plewisb7', 'fJuto51dbK', 'Phillip', 'Lewis', 'plewisb7@marriott.com'),
(405, 'smarshallb8', 'wnLB2I8', 'Shirley', 'Marshall', 'smarshallb8@engadget.com'),
(406, 'fwagnerb9', 'rJTTUY', 'Frank', 'Wagner', 'fwagnerb9@cocolog-nifty.com'),
(407, 'iolsonba', 'mzBfphmY', 'Irene', 'Olson', 'iolsonba@flavors.me'),
(408, 'chartbb', 'YDnj0B7', 'Christopher', 'Hart', 'chartbb@squidoo.com'),
(409, 'ifreemanbc', 'fZcMoikEYoa', 'Irene', 'Freeman', 'ifreemanbc@fc2.com'),
(410, 'tjacksonbd', '8uc33phqR', 'Tammy', 'Jackson', 'tjacksonbd@ftc.gov'),
(411, 'egordonbe', '2BJ5E6pPq6kF', 'Elizabeth', 'Gordon', 'egordonbe@gmpg.org'),
(412, 'tstephensbf', 'ESaLb0V1s', 'Teresa', 'Stephens', 'tstephensbf@github.com'),
(413, 'rmorganbg', 'PqiRZbO3yqa', 'Robert', 'Morgan', 'rmorganbg@bing.com'),
(414, 'jsimpsonbh', 'bkWjsuwbeXV', 'Judy', 'Simpson', 'jsimpsonbh@ehow.com'),
(415, 'jtaylorbi', 'Zaao1jxS', 'Janet', 'Taylor', 'jtaylorbi@booking.com'),
(416, 'smorenobj', 'x2zPNNA', 'Stephen', 'Moreno', 'smorenobj@addthis.com'),
(417, 'ljacobsbk', 'kUSZd2J2', 'Lisa', 'Jacobs', 'ljacobsbk@hibu.com'),
(418, 'bmorrisonbl', 'BVe4ro', 'Bobby', 'Morrison', 'bmorrisonbl@usnews.com'),
(419, 'kmillsbm', 'rwFDmgEs0aX5', 'Kimberly', 'Mills', 'kmillsbm@imgur.com'),
(420, 'ccampbellbn', 'T5hA5cF1', 'Carlos', 'Campbell', 'ccampbellbn@opera.com'),
(421, 'jlewisbo', 'gQyEVr5kI', 'Joan', 'Lewis', 'jlewisbo@edublogs.org'),
(422, 'lfoxbp', 'WohrutX', 'Laura', 'Fox', 'lfoxbp@51.la'),
(423, 'sellisbq', 'jASJWPxkLa', 'Stephanie', 'Ellis', 'sellisbq@flavors.me'),
(424, 'eclarkbr', 'PNgyzAt', 'Earl', 'Clark', 'eclarkbr@bigcartel.com'),
(425, 'slongbs', 'G81yQyQa23nJ', 'Sandra', 'Long', 'slongbs@blogspot.com'),
(426, 'kdeanbt', 'QmOG6xOSS', 'Kimberly', 'Dean', 'kdeanbt@xing.com'),
(427, 'mfosterbu', 'RApR2oiujrP', 'Mildred', 'Foster', 'mfosterbu@blogtalkradio.com'),
(428, 'bgreenebv', 'k09jUbC2GyQ', 'Bruce', 'Greene', 'bgreenebv@ca.gov'),
(429, 'bwhitebw', '0ppTyGU', 'Barbara', 'White', 'bwhitebw@fastcompany.com'),
(430, 'gcarterbx', '32SpsqLjr', 'Gerald', 'Carter', 'gcarterbx@nyu.edu'),
(431, 'jstevensby', 'FUFJJlTF33mP', 'Jerry', 'Stevens', 'jstevensby@newsvine.com'),
(432, 'cfisherbz', 'FWSKPJFjH', 'Christina', 'Fisher', 'cfisherbz@purevolume.com'),
(433, 'breedc0', 'nwax99aCxv', 'Brandon', 'Reed', 'breedc0@netlog.com'),
(434, 'ldunnc1', 'czqQgz', 'Lori', 'Dunn', 'ldunnc1@linkedin.com'),
(435, 'gfranklinc2', 'GlKP73g', 'Gloria', 'Franklin', 'gfranklinc2@dropbox.com'),
(436, 'krichardsc3', 'riTesewQi05a', 'Karen', 'Richards', 'krichardsc3@cocolog-nifty.com'),
(437, 'awheelerc4', 'g2283Ji2z', 'Andrea', 'Wheeler', 'awheelerc4@gov.uk'),
(438, 'hdeanc5', '9yrPBkb', 'Heather', 'Dean', 'hdeanc5@huffingtonpost.com'),
(439, 'jwilliamsc6', 'zCU2Nr', 'Jack', 'Williams', 'jwilliamsc6@vimeo.com'),
(440, 'cruizc7', 'Vu9sbMC', 'Chris', 'Ruiz', 'cruizc7@noaa.gov'),
(441, 'egarzac8', 'B15jLs2xeOCu', 'Elizabeth', 'Garza', 'egarzac8@alexa.com'),
(442, 'jaustinc9', '7WwrkxP', 'Jane', 'Austin', 'jaustinc9@storify.com'),
(443, 'jwhiteca', 'KnLHVvr', 'Jacqueline', 'White', 'jwhiteca@dagondesign.com'),
(444, 'chudsoncb', '8mLffEfP3I', 'Carl', 'Hudson', 'chudsoncb@prlog.org'),
(445, 'gbennettcc', '3zuKijbr504m', 'Gerald', 'Bennett', 'gbennettcc@sciencedirect.com'),
(446, 'pnelsoncd', 'jKYfWJzVju', 'Patricia', 'Nelson', 'pnelsoncd@naver.com'),
(447, 'jgutierrezce', 'lK8ROz', 'Janice', 'Gutierrez', 'jgutierrezce@google.pl'),
(448, 'delliscf', 'ET3FqCmTXom', 'Diane', 'Ellis', 'delliscf@nature.com'),
(449, 'rfowlercg', 'CsTJ9MmHia', 'Robin', 'Fowler', 'rfowlercg@live.com'),
(450, 'wvasquezch', '4o8tBWmb', 'Wanda', 'Vasquez', 'wvasquezch@redcross.org'),
(451, 'bcarrci', 'riv7utXxg', 'Bobby', 'Carr', 'bcarrci@state.gov'),
(452, 'acolemancj', 'qk379UZ4R', 'Annie', 'Coleman', 'acolemancj@mediafire.com'),
(453, 'nmillerck', 'sJZFO28', 'Nicole', 'Miller', 'nmillerck@yellowbook.com'),
(454, 'amoralescl', 'Qb66IU1zM3', 'Anne', 'Morales', 'amoralescl@wikipedia.org'),
(455, 'jcruzcm', 'cNIs0qM', 'John', 'Cruz', 'jcruzcm@webmd.com'),
(456, 'rjordancn', 'a6I3xwJw6', 'Ronald', 'Jordan', 'rjordancn@bloomberg.com'),
(457, 'jjacksonco', 'v9ZHT19JGV', 'Joseph', 'Jackson', 'jjacksonco@time.com'),
(458, 'lbryantcp', 'abcHRudzPpNt', 'Larry', 'Bryant', 'lbryantcp@yale.edu'),
(459, 'cstewartcq', 'DRmpgMuvKj', 'Chris', 'Stewart', 'cstewartcq@cornell.edu'),
(460, 'dmendozacr', 'xbYZxqdghMH', 'Diana', 'Mendoza', 'dmendozacr@jimdo.com'),
(461, 'apetersoncs', 'R8plBtn3', 'Andrea', 'Peterson', 'apetersoncs@youtu.be'),
(462, 'jromeroct', 'egzoCqRd1', 'Janice', 'Romero', 'jromeroct@creativecommons.org'),
(463, 'eharrisoncu', 'UMvNYe1', 'Edward', 'Harrison', 'eharrisoncu@merriam-webster.com'),
(464, 'rperkinscv', 'YH16CF', 'Rose', 'Perkins', 'rperkinscv@google.ru'),
(465, 'mpetersoncw', 'IQ6lT37KEUJz', 'Michael', 'Peterson', 'mpetersoncw@cisco.com'),
(466, 'jmasoncx', 'qkjJFy2', 'Janice', 'Mason', 'jmasoncx@rakuten.co.jp'),
(467, 'cgrahamcy', 'ahIxijBXptuo', 'Christopher', 'Graham', 'cgrahamcy@accuweather.com'),
(468, 'ssanderscz', '7zFO9Tru', 'Sharon', 'Sanders', 'ssanderscz@state.gov'),
(469, 'wfowlerd0', 'FkxixaOnyO78', 'William', 'Fowler', 'wfowlerd0@hexun.com'),
(470, 'aedwardsd1', 'JJubZGcOJBO', 'Amy', 'Edwards', 'aedwardsd1@sciencedirect.com'),
(471, 'pknightd2', 'ihoeMA', 'Phyllis', 'Knight', 'pknightd2@youtube.com'),
(472, 'crosed3', 'jpf0c9NvjPA', 'Carolyn', 'Rose', 'crosed3@163.com'),
(473, 'rbryantd4', 'vbiEOAdyikOu', 'Rachel', 'Bryant', 'rbryantd4@livejournal.com'),
(474, 'klawsond5', 'muYaTJec4', 'Katherine', 'Lawson', 'klawsond5@reference.com'),
(475, 'agrantd6', '2Trq2ujhQ9F', 'Amanda', 'Grant', 'agrantd6@xrea.com'),
(476, 'fstephensd7', '8NQLg0oN', 'Frances', 'Stephens', 'fstephensd7@howstuffworks.com'),
(477, 'brusselld8', 'OmR8FCJc7LDN', 'Bruce', 'Russell', 'brusselld8@oakley.com'),
(478, 'ahamiltond9', 'RXPxZc', 'Alan', 'Hamilton', 'ahamiltond9@independent.co.uk'),
(479, 'tnelsonda', 'bAWlEcFIb', 'Thomas', 'Nelson', 'tnelsonda@eventbrite.com'),
(480, 'dhalldb', 'vNgjDLVtw', 'Dennis', 'Hall', 'dhalldb@gmpg.org'),
(481, 'jgutierrezdc', 'aasDp8ClG', 'Joan', 'Gutierrez', 'jgutierrezdc@linkedin.com'),
(482, 'dscottdd', '9eFyXcIKd', 'David', 'Scott', 'dscottdd@huffingtonpost.com'),
(483, 'bdanielsde', 'aDZocD', 'Brian', 'Daniels', 'bdanielsde@google.it'),
(484, 'hscottdf', 'KXttkD6', 'Helen', 'Scott', 'hscottdf@yandex.ru'),
(485, 'jmedinadg', 'sjPHWUa', 'Jonathan', 'Medina', 'jmedinadg@redcross.org'),
(486, 'jwrightdh', 'bnDKvRBxG8p', 'Jean', 'Wright', 'jwrightdh@ted.com'),
(487, 'pjamesdi', 'YxuQzR', 'Pamela', 'James', 'pjamesdi@chicagotribune.com'),
(488, 'rcolemandj', 'efCwar', 'Rebecca', 'Coleman', 'rcolemandj@ft.com'),
(489, 'sbennettdk', '4Igr9oCnPWgX', 'Samuel', 'Bennett', 'sbennettdk@pagesperso-orange.fr'),
(490, 'parnolddl', 'v5LbFmdY725', 'Phyllis', 'Arnold', 'parnolddl@vistaprint.com'),
(491, 'aortizdm', 'cDNSFIW', 'Annie', 'Ortiz', 'aortizdm@webeden.co.uk'),
(492, 'ahawkinsdn', '2fUV0GADId', 'Aaron', 'Hawkins', 'ahawkinsdn@kickstarter.com'),
(493, 'pstonedo', 'tGfov7', 'Phillip', 'Stone', 'pstonedo@google.nl'),
(494, 'amitchelldp', 'Lky4ItoV6w2d', 'Anthony', 'Mitchell', 'amitchelldp@geocities.jp'),
(495, 'csandersdq', '6cRvW3zs', 'Christine', 'Sanders', 'csandersdq@springer.com'),
(496, 'sbradleydr', 'C6anak', 'Stephanie', 'Bradley', 'sbradleydr@live.com'),
(497, 'psandersds', 'amlXFtQC', 'Phillip', 'Sanders', 'psandersds@yellowpages.com'),
(498, 'bhendersondt', '1FeYzwUipD2p', 'Benjamin', 'Henderson', 'bhendersondt@people.com.cn'),
(499, 'nfrazierdu', 'RR6jtQgIeGpk', 'Nicole', 'Frazier', 'nfrazierdu@facebook.com'),
(500, 'nsnyderdv', 'TZq1QYXBh', 'Nicholas', 'Snyder', 'nsnyderdv@army.mil');

--
-- Indexes for dumped tables
--

--
-- Indexes for table `invoices`
--
ALTER TABLE `invoices`
  ADD PRIMARY KEY (`id`);

--
-- Indexes for table `messages`
--
ALTER TABLE `messages`
  ADD PRIMARY KEY (`id`);

--
-- Indexes for table `payment_details`
--
ALTER TABLE `payment_details`
  ADD PRIMARY KEY (`id`);

--
-- Indexes for table `users`
--
ALTER TABLE `users`
  ADD PRIMARY KEY (`id`);

--
-- AUTO_INCREMENT for dumped tables
--

--
-- AUTO_INCREMENT for table `invoices`
--
ALTER TABLE `invoices`
  MODIFY `id` int(11) NOT NULL AUTO_INCREMENT, AUTO_INCREMENT=251;
--
-- AUTO_INCREMENT for table `messages`
--
ALTER TABLE `messages`
  MODIFY `id` int(11) NOT NULL AUTO_INCREMENT, AUTO_INCREMENT=2;
--
-- AUTO_INCREMENT for table `payment_details`
--
ALTER TABLE `payment_details`
  MODIFY `id` int(11) NOT NULL AUTO_INCREMENT, AUTO_INCREMENT=251;
--
-- AUTO_INCREMENT for table `users`
--
ALTER TABLE `users`
  MODIFY `id` int(11) NOT NULL AUTO_INCREMENT, AUTO_INCREMENT=501;
/*!40101 SET CHARACTER_SET_CLIENT=@OLD_CHARACTER_SET_CLIENT */;
/*!40101 SET CHARACTER_SET_RESULTS=@OLD_CHARACTER_SET_RESULTS */;
/*!40101 SET COLLATION_CONNECTION=@OLD_COLLATION_CONNECTION */;
